DROP TABLE kabupaten;

CREATE TABLE `kabupaten` (
  `idkab` int(11) NOT NULL DEFAULT '0',
  `nmkab` varchar(100) DEFAULT NULL,
  PRIMARY KEY (`idkab`)
) ENGINE=InnoDB DEFAULT CHARSET=latin1;

INSERT INTO kabupaten VALUES("9105","KABUPATEN MANOKWARI");
INSERT INTO kabupaten VALUES("9111","KABUPATEN MANOKWARI SELATAN");
INSERT INTO kabupaten VALUES("9112","KABUPATEN PEGUNUNGAN PEGAF");



DROP TABLE kecamatan;

CREATE TABLE `kecamatan` (
  `idkec` int(11) NOT NULL,
  `idkab` int(11) DEFAULT NULL,
  `nmkec` varchar(255) DEFAULT NULL,
  PRIMARY KEY (`idkec`)
) ENGINE=InnoDB DEFAULT CHARSET=latin1;

INSERT INTO kecamatan VALUES("9105110","9105","WARMARE");
INSERT INTO kecamatan VALUES("9105120","9105","PRAFI");
INSERT INTO kecamatan VALUES("9105141","9105","MANOKWARI BARAT");
INSERT INTO kecamatan VALUES("9105142","9105","MANOKWARI TIMUR");
INSERT INTO kecamatan VALUES("9105143","9105","MANOKWARI UTARA");
INSERT INTO kecamatan VALUES("9105144","9105","MANOKWARI SELATAN");
INSERT INTO kecamatan VALUES("9105146","9105","TANAH RUBU");
INSERT INTO kecamatan VALUES("9105170","9105","MASNI");
INSERT INTO kecamatan VALUES("9105171","9105","SIDEY");
INSERT INTO kecamatan VALUES("9111010","9111","TAHOTA");
INSERT INTO kecamatan VALUES("9111020","9111","DATARAN ISIM");
INSERT INTO kecamatan VALUES("9111030","9111","NENEI");
INSERT INTO kecamatan VALUES("9111040","9111","MOMI WAREN");
INSERT INTO kecamatan VALUES("9111050","9111","RANSIKI");
INSERT INTO kecamatan VALUES("9111060","9111","ORANSBARI");
INSERT INTO kecamatan VALUES("9112010","9112","DIDOHU");
INSERT INTO kecamatan VALUES("9112020","9112","SURUREY");
INSERT INTO kecamatan VALUES("9112030","9112","ANGGI GIDA");
INSERT INTO kecamatan VALUES("9112040","9112","MEMBEY");
INSERT INTO kecamatan VALUES("9112050","9112","ANGGI");
INSERT INTO kecamatan VALUES("9112060","9112","TAIGE");
INSERT INTO kecamatan VALUES("9112070","9112","HINGK");
INSERT INTO kecamatan VALUES("9112080","9112","MENYAMBOUW");
INSERT INTO kecamatan VALUES("9112090","9112","CATUBOUW");
INSERT INTO kecamatan VALUES("9112100","9112","TESTEGA");



DROP TABLE kelurahan;

CREATE TABLE `kelurahan` (
  `idkel` char(11) DEFAULT NULL,
  `idkec` int(11) DEFAULT NULL,
  `nmkel` varchar(255) DEFAULT ''
) ENGINE=InnoDB DEFAULT CHARSET=latin1;

INSERT INTO kelurahan VALUES("1102031002","9105110","TANAH MERAH");
INSERT INTO kelurahan VALUES("1104050041","9105110","TANAH MERAH");
INSERT INTO kelurahan VALUES("1105110046","9105142","PASIR PUTIH");
INSERT INTO kelurahan VALUES("1105120008","9105142","PASIR PUTIH");
INSERT INTO kelurahan VALUES("1109170022","9112090","JIM");
INSERT INTO kelurahan VALUES("1113030008","9105142","PASIR PUTIH");
INSERT INTO kelurahan VALUES("1117060016","9105142","PASIR PUTIH");
INSERT INTO kelurahan VALUES("1201070017","9105120","SOMI");
INSERT INTO kelurahan VALUES("1202011008","9105142","PASIR PUTIH");
INSERT INTO kelurahan VALUES("1207130007","9111060","SIDOMULYO");
INSERT INTO kelurahan VALUES("1208081002","9111060","SIDOMULYO");
INSERT INTO kelurahan VALUES("1208091006","9111060","SIDOMULYO");
INSERT INTO kelurahan VALUES("1209161014","9111060","MARGOMULYO");
INSERT INTO kelurahan VALUES("1209200015","9111060","SIDOMULYO");
INSERT INTO kelurahan VALUES("1212070017","9111060","SIDOMULYO");
INSERT INTO kelurahan VALUES("1212190026","9105110","TANAH MERAH");
INSERT INTO kelurahan VALUES("1213060002","9111060","SIDOMULYO");
INSERT INTO kelurahan VALUES("1213070003","9111060","SIDOMULYO");
INSERT INTO kelurahan VALUES("1218100028","9105110","TANAH MERAH");
INSERT INTO kelurahan VALUES("1219050011","9105110","TANAH MERAH");
INSERT INTO kelurahan VALUES("1223030003","9111060","SIDOMULYO");
INSERT INTO kelurahan VALUES("1275010002","9111060","SIDOMULYO");
INSERT INTO kelurahan VALUES("1276010001","9105110","TANAH MERAH");
INSERT INTO kelurahan VALUES("1402040024","9105110","TANAH MERAH");
INSERT INTO kelurahan VALUES("1402041002","9111060","SIDOMULYO");
INSERT INTO kelurahan VALUES("1403040006","9105110","TANAH MERAH");
INSERT INTO kelurahan VALUES("1406080011","9105110","TANAH MERAH");
INSERT INTO kelurahan VALUES("1409023001","9105142","PASIR PUTIH");
INSERT INTO kelurahan VALUES("1410031009","9105110","TANAH MERAH");
INSERT INTO kelurahan VALUES("1571020003","9105142","PASIR PUTIH");
INSERT INTO kelurahan VALUES("1603060006","9111060","SIDOMULYO");
INSERT INTO kelurahan VALUES("1607031009","9111060","SIDOMULYO");
INSERT INTO kelurahan VALUES("1607061001","9111060","SIDOMULYO");
INSERT INTO kelurahan VALUES("1607080019","9111060","SIDOMULYO");
INSERT INTO kelurahan VALUES("1609051011","9105110","TANAH MERAH");
INSERT INTO kelurahan VALUES("1609060018","9111060","SIDOMULYO");
INSERT INTO kelurahan VALUES("1702031001","9111060","SINDANG JAYA");
INSERT INTO kelurahan VALUES("1801054004","9111060","SIDOMULYO");
INSERT INTO kelurahan VALUES("1802032004","9111060","SIDOMULYO");
INSERT INTO kelurahan VALUES("1802041010","9111060","SIDOMULYO");
INSERT INTO kelurahan VALUES("1803070006","9111060","MARGOMULYO");
INSERT INTO kelurahan VALUES("1803100020","9111060","SIDOMULYO");
INSERT INTO kelurahan VALUES("1804030003","9111060","SIDOMULYO");
INSERT INTO kelurahan VALUES("1805030007","9111060","SIDOMULYO");
INSERT INTO kelurahan VALUES("1806010016","9111060","SIDOMULYO");
INSERT INTO kelurahan VALUES("1808051014","9111060","SIDOMULYO");
INSERT INTO kelurahan VALUES("1809060013","9111060","SIDOMULYO");
INSERT INTO kelurahan VALUES("1811050044","9111060","SIDOMULYO");
INSERT INTO kelurahan VALUES("1905031002","9105142","PASIR PUTIH");
INSERT INTO kelurahan VALUES("1971020014","9105142","PASIR PUTIH");
INSERT INTO kelurahan VALUES("3201110007","9112020","KOPO");
INSERT INTO kelurahan VALUES("3204191006","9112020","KOPO");
INSERT INTO kelurahan VALUES("3212220001","9105120","BOGOR");
INSERT INTO kelurahan VALUES("3218070007","9111060","SIDOMULYO");
INSERT INTO kelurahan VALUES("3218100005","9111060","SINDANG JAYA");
INSERT INTO kelurahan VALUES("3273030001","9112020","KOPO");
INSERT INTO kelurahan VALUES("3273142003","9111060","SINDANG JAYA");
INSERT INTO kelurahan VALUES("3276010005","9105142","PASIR PUTIH");
INSERT INTO kelurahan VALUES("3305040014","9111060","SIDOMULYO");
INSERT INTO kelurahan VALUES("3305070025","9111060","SIDOMULYO");
INSERT INTO kelurahan VALUES("3305200001","9111060","SIDOMULYO");
INSERT INTO kelurahan VALUES("3306100003","9111060","SIDOMULYO");
INSERT INTO kelurahan VALUES("3308010006","9111060","SIDOMULYO");
INSERT INTO kelurahan VALUES("3308100010","9111060","SIDOMULYO");
INSERT INTO kelurahan VALUES("3308170007","9111060","SIDOMULYO");
INSERT INTO kelurahan VALUES("3309020005","9111060","SIDOMULYO");
INSERT INTO kelurahan VALUES("3310050020","9105120","BOGOR");
INSERT INTO kelurahan VALUES("3310180016","9111060","SIDOMULYO");
INSERT INTO kelurahan VALUES("3316110003","9111060","SIDOMULYO");
INSERT INTO kelurahan VALUES("3317030010","9111060","SIDOMULYO");
INSERT INTO kelurahan VALUES("3317060010","9111060","SIDOMULYO");
INSERT INTO kelurahan VALUES("3317090003","9111060","SIDOMULYO");
INSERT INTO kelurahan VALUES("3318080014","9111060","MARGOMULYO");
INSERT INTO kelurahan VALUES("3318090008","9111060","SIDOMULYO");
INSERT INTO kelurahan VALUES("3318180002","9111060","SIDOMULYO");
INSERT INTO kelurahan VALUES("3318200003","9111060","MARGOMULYO");
INSERT INTO kelurahan VALUES("3319060004","9111060","SIDOMULYO");
INSERT INTO kelurahan VALUES("3321090023","9111060","SIDOMULYO");
INSERT INTO kelurahan VALUES("3322152009","9111060","SIDOMULYO");
INSERT INTO kelurahan VALUES("3324100009","9111060","MARGOMULYO");
INSERT INTO kelurahan VALUES("3324150008","9111060","SIDOMULYO");
INSERT INTO kelurahan VALUES("3325080001","9111060","SIDOMULYO");
INSERT INTO kelurahan VALUES("3326030006","9111060","SIDOMULYO");
INSERT INTO kelurahan VALUES("3326090018","9111060","SIDOMULYO");
INSERT INTO kelurahan VALUES("3328180002","9111060","SIDOMULYO");
INSERT INTO kelurahan VALUES("3401070007","9111060","SIDOMULYO");
INSERT INTO kelurahan VALUES("3402050001","9111060","SIDOMULYO");
INSERT INTO kelurahan VALUES("3404030003","9111060","MARGOMULYO");
INSERT INTO kelurahan VALUES("3404040003","9111060","SIDOMULYO");
INSERT INTO kelurahan VALUES("3501050006","9111060","SIDOMULYO");
INSERT INTO kelurahan VALUES("3501110001","9111060","SIDOMULYO");
INSERT INTO kelurahan VALUES("3503030005","9111060","MARGOMULYO");
INSERT INTO kelurahan VALUES("3503060001","9111060","SIDOMULYO");
INSERT INTO kelurahan VALUES("3504170014","9111060","SIDOMULYO");
INSERT INTO kelurahan VALUES("3504180007","9111060","SIDOMULYO");
INSERT INTO kelurahan VALUES("3505010004","9111060","SIDOMULYO");
INSERT INTO kelurahan VALUES("3505120009","9111060","SIDOMULYO");
INSERT INTO kelurahan VALUES("3506020003","9111060","SIDOMULYO");
INSERT INTO kelurahan VALUES("3506070018","9111060","SIDOMULYO");
INSERT INTO kelurahan VALUES("3506110006","9111060","SIDOMULYO");
INSERT INTO kelurahan VALUES("3506170015","9111060","SIDOMULYO");
INSERT INTO kelurahan VALUES("3507260008","9111060","SIDOMULYO");
INSERT INTO kelurahan VALUES("3508020001","9111060","SIDOMULYO");
INSERT INTO kelurahan VALUES("3509070009","9111060","SIDOMULYO");
INSERT INTO kelurahan VALUES("3509150004","9111060","SIDOMULYO");
INSERT INTO kelurahan VALUES("3510080007","9111060","MARGOMULYO");
INSERT INTO kelurahan VALUES("3512070004","9105142","PASIR PUTIH");
INSERT INTO kelurahan VALUES("3513120003","9111060","SIDOMULYO");
INSERT INTO kelurahan VALUES("3515120006","9111060","SIDOMULYO");
INSERT INTO kelurahan VALUES("3515170018","9111060","SIDOMULYO");
INSERT INTO kelurahan VALUES("3516090009","9111060","SIDOMULYO");
INSERT INTO kelurahan VALUES("3517140006","9111060","SIDOMULYO");
INSERT INTO kelurahan VALUES("3519110004","9111060","SIDOMULYO");
INSERT INTO kelurahan VALUES("3519140002","9111060","SIDOMULYO");
INSERT INTO kelurahan VALUES("3520071010","9111060","SIDOMULYO");
INSERT INTO kelurahan VALUES("3521020008","9111060","SIDOMULYO");
INSERT INTO kelurahan VALUES("3521110008","9111060","MARGOMULYO");
INSERT INTO kelurahan VALUES("3522010003","9111060","MARGOMULYO");
INSERT INTO kelurahan VALUES("3522080020","9111060","SIDOMULYO");
INSERT INTO kelurahan VALUES("3522130014","9111060","MARGOMULYO");
INSERT INTO kelurahan VALUES("3523130014","9111060","SIDOMULYO");
INSERT INTO kelurahan VALUES("3523160011","9111060","MARGOMULYO");
INSERT INTO kelurahan VALUES("3523180004","9111060","SIDOMULYO");
INSERT INTO kelurahan VALUES("3523190004","9111060","SIDOMULYO");
INSERT INTO kelurahan VALUES("3524050004","9111060","SIDOMULYO");
INSERT INTO kelurahan VALUES("3524090013","9111060","SIDOMULYO");
INSERT INTO kelurahan VALUES("3524150016","9111060","SIDOMULYO");
INSERT INTO kelurahan VALUES("3525130011","9111060","SIDOMULYO");
INSERT INTO kelurahan VALUES("3529030004","9105110","TANAH MERAH");
INSERT INTO kelurahan VALUES("3579010008","9111060","SIDOMULYO");
INSERT INTO kelurahan VALUES("3603121004","9111060","SINDANG JAYA");
INSERT INTO kelurahan VALUES("3603181004","9105110","TANAH MERAH");
INSERT INTO kelurahan VALUES("3604110002","9112020","KOPO");
INSERT INTO kelurahan VALUES("5202011005","9112080","UNGGA");
INSERT INTO kelurahan VALUES("5207021005","9105142","PASIR PUTIH");
INSERT INTO kelurahan VALUES("5303120014","9105110","TANAH MERAH");
INSERT INTO kelurahan VALUES("5308010001","9105142","PASIR PUTIH");
INSERT INTO kelurahan VALUES("5315010009","9105142","PASIR PUTIH");
INSERT INTO kelurahan VALUES("6107080022","9105110","TANAH MERAH");
INSERT INTO kelurahan VALUES("6112040010","9105142","PASIR PUTIH");
INSERT INTO kelurahan VALUES("6202060009","9105142","PASIR PUTIH");
INSERT INTO kelurahan VALUES("6203150021","9111060","SIDOMULYO");
INSERT INTO kelurahan VALUES("6301090004","9105142","PASIR PUTIH");
INSERT INTO kelurahan VALUES("6302130004","9111060","SIDOMULYO");
INSERT INTO kelurahan VALUES("6303120020","9111060","SINDANG JAYA");
INSERT INTO kelurahan VALUES("6307010022","9112080","ANDANG");
INSERT INTO kelurahan VALUES("6310053003","9111060","SIDOMULYO");
INSERT INTO kelurahan VALUES("6403010008","9111060","MARGOMULYO");
INSERT INTO kelurahan VALUES("6403120007","9111060","SIDOMULYO");
INSERT INTO kelurahan VALUES("6403180012","9111060","SIDOMULYO");
INSERT INTO kelurahan VALUES("6404022001","9111060","SIDOMULYO");
INSERT INTO kelurahan VALUES("6472020009","9111060","SIDOMULYO");
INSERT INTO kelurahan VALUES("6472060010","9105110","TANAH MERAH");
INSERT INTO kelurahan VALUES("6503050001","9105110","TANAH MERAH");
INSERT INTO kelurahan VALUES("7101120019","9105142","PASIR PUTIH");
INSERT INTO kelurahan VALUES("7204010021","9105142","PASIR PUTIH");
INSERT INTO kelurahan VALUES("7211040010","9105142","PASIR PUTIH");
INSERT INTO kelurahan VALUES("7307020003","9105142","PASIR PUTIH");
INSERT INTO kelurahan VALUES("7307030007","9105170","ASKA");
INSERT INTO kelurahan VALUES("7311141007","9111040","GAYA BARU");
INSERT INTO kelurahan VALUES("7313040011","9105142","PASIR PUTIH");
INSERT INTO kelurahan VALUES("7325031007","9111060","MARGOMULYO");
INSERT INTO kelurahan VALUES("7410020006","9105142","PASIR PUTIH");
INSERT INTO kelurahan VALUES("7412070012","9105142","PASIR PUTIH");
INSERT INTO kelurahan VALUES("7603031005","9111040","SIWI");
INSERT INTO kelurahan VALUES("8103143008","9105110","TANAH MERAH");
INSERT INTO kelurahan VALUES("8109010004","9105142","PASIR PUTIH");
INSERT INTO kelurahan VALUES("8204023001","9105142","PASIR PUTIH");
INSERT INTO kelurahan VALUES("8204062005","9105142","PASIR PUTIH");
INSERT INTO kelurahan VALUES("8204090006","9105141","WOSI");
INSERT INTO kelurahan VALUES("8205011001","9105142","PASIR PUTIH");
INSERT INTO kelurahan VALUES("8206031008","9111060","SIDOMULYO");
INSERT INTO kelurahan VALUES("8272041004","9111030","WAMA");
INSERT INTO kelurahan VALUES("9101061010","9105142","PASIR PUTIH");
INSERT INTO kelurahan VALUES("9103071001","9111010","KAPRUS");
INSERT INTO kelurahan VALUES("9103071002","9111010","YERMATUM");
INSERT INTO kelurahan VALUES("9103071003","9111010","REYOB");
INSERT INTO kelurahan VALUES("9104021003","9105110","TANAH MERAH");
INSERT INTO kelurahan VALUES("9105110001","9105110","NIMBAY");
INSERT INTO kelurahan VALUES("9105110002","9105110","PRAFI KAMPUNG / INDISE");
INSERT INTO kelurahan VALUES("9105110003","9105110","SUBSAY");
INSERT INTO kelurahan VALUES("9105110004","9105110","MENIY");
INSERT INTO kelurahan VALUES("9105110005","9105110","MADRAT");
INSERT INTO kelurahan VALUES("9105110006","9105110","DINDEY");
INSERT INTO kelurahan VALUES("9105110008","9105110","WARMARE");
INSERT INTO kelurahan VALUES("9105110009","9105110","TANAH MERAH");
INSERT INTO kelurahan VALUES("9105110010","9105110","HINGK");
INSERT INTO kelurahan VALUES("9105110012","9105110","SNAIMBOY");
INSERT INTO kelurahan VALUES("9105110013","9105110","IBUWAU");
INSERT INTO kelurahan VALUES("9105110014","9105110","CENING/SOTEA");
INSERT INTO kelurahan VALUES("9105110015","9105110","DUWIN UMSINI");
INSERT INTO kelurahan VALUES("9105110016","9105110","GUEINTUY");
INSERT INTO kelurahan VALUES("9105110017","9105110","IMBOISRATI");
INSERT INTO kelurahan VALUES("9105110018","9105110","SRAINDABEY");
INSERT INTO kelurahan VALUES("9105110019","9105110","MINOGBEY / MINBEY");
INSERT INTO kelurahan VALUES("9105110020","9105110","KWAU");
INSERT INTO kelurahan VALUES("9105110021","9105110","INDOBEY");
INSERT INTO kelurahan VALUES("9105110022","9105110","FIGOUD");
INSERT INTO kelurahan VALUES("9105110023","9105110","SYOU");
INSERT INTO kelurahan VALUES("9105110024","9105110","MINGGRE");
INSERT INTO kelurahan VALUES("9105110025","9105110","DUEIBEI");
INSERT INTO kelurahan VALUES("9105110026","9105110","ASARBEY");
INSERT INTO kelurahan VALUES("9105110027","9105110","KIPOUW");
INSERT INTO kelurahan VALUES("9105110028","9105110","MOKWAM");
INSERT INTO kelurahan VALUES("9105110029","9105110","AMBER");
INSERT INTO kelurahan VALUES("9105110030","9105110","BAHAMYENTI");
INSERT INTO kelurahan VALUES("9105110031","9105110","AYWOU");
INSERT INTO kelurahan VALUES("9105120002","9105120","WASEKI INDAH");
INSERT INTO kelurahan VALUES("9105120003","9105120","WASEKI");
INSERT INTO kelurahan VALUES("9105120004","9105120","AIMASI/SP III AIMASI");
INSERT INTO kelurahan VALUES("9105120005","9105120","UDAPI HILIR");
INSERT INTO kelurahan VALUES("9105120006","9105120","DESAY");
INSERT INTO kelurahan VALUES("9105120007","9105120","PRAFI MULIA");
INSERT INTO kelurahan VALUES("9105120008","9105120","INGKWOISI");
INSERT INTO kelurahan VALUES("9105120009","9105120","UMBUI");
INSERT INTO kelurahan VALUES("9105120010","9105120","BOGOR");
INSERT INTO kelurahan VALUES("9105120011","9105120","KALI AMIN");
INSERT INTO kelurahan VALUES("9105120012","9105120","OYEHEK BRIK");
INSERT INTO kelurahan VALUES("9105120013","9105120","KRENUI");
INSERT INTO kelurahan VALUES("9105120014","9105120","SOMI");
INSERT INTO kelurahan VALUES("9105120015","9105120","MATOA");
INSERT INTO kelurahan VALUES("9105120016","9105120","LISMAUNGU");
INSERT INTO kelurahan VALUES("9105120017","9105120","JOUBEN");
INSERT INTO kelurahan VALUES("9105141001","9105141","TANAH MERAH INDAH");
INSERT INTO kelurahan VALUES("9105141002","9105141","SORIBO");
INSERT INTO kelurahan VALUES("9105141003","9105141","WOSI");
INSERT INTO kelurahan VALUES("9105141004","9105141","SANGGENG");
INSERT INTO kelurahan VALUES("9105141005","9105141","MANOKWARI BARAT");
INSERT INTO kelurahan VALUES("9105141006","9105141","PADARNI");
INSERT INTO kelurahan VALUES("9105141007","9105141","MANOKWARI TIMUR");
INSERT INTO kelurahan VALUES("9105141008","9105141","AMBAN");
INSERT INTO kelurahan VALUES("9105141009","9105141","INGGRAMUI");
INSERT INTO kelurahan VALUES("9105141010","9105141","UDOPI");
INSERT INTO kelurahan VALUES("9105142001","9105142","MANSINAM");
INSERT INTO kelurahan VALUES("9105142002","9105142","PASIR PUTIH");
INSERT INTO kelurahan VALUES("9105142003","9105142","AROWI");
INSERT INTO kelurahan VALUES("9105142004","9105142","BAKARO");
INSERT INTO kelurahan VALUES("9105142005","9105142","AIPIRI");
INSERT INTO kelurahan VALUES("9105142006","9105142","SUNSWENI");
INSERT INTO kelurahan VALUES("9105142007","9105142","AYAMBORI");
INSERT INTO kelurahan VALUES("9105143001","9105143","INODUAS");
INSERT INTO kelurahan VALUES("9105143002","9105143","CABANG DUA");
INSERT INTO kelurahan VALUES("9105143003","9105143","PAMI");
INSERT INTO kelurahan VALUES("9105143004","9105143","SAYRO");
INSERT INTO kelurahan VALUES("9105143005","9105143","BREMI");
INSERT INTO kelurahan VALUES("9105143006","9105143","YOOM I");
INSERT INTO kelurahan VALUES("9105143007","9105143","MEINYUMFOKA");
INSERT INTO kelurahan VALUES("9105143008","9105143","LEBAU");
INSERT INTO kelurahan VALUES("9105143009","9105143","SAUBEBA");
INSERT INTO kelurahan VALUES("9105143010","9105143","YOOM II");
INSERT INTO kelurahan VALUES("9105143011","9105143","TANAH RUBU");
INSERT INTO kelurahan VALUES("9105143012","9105143","ASAY");
INSERT INTO kelurahan VALUES("9105143013","9105143","MENAITO / MUBRAIDIBA");
INSERT INTO kelurahan VALUES("9105143014","9105143","MANDOPI");
INSERT INTO kelurahan VALUES("9105143015","9105143","MUBRI");
INSERT INTO kelurahan VALUES("9105143016","9105143","TELUK MUBRI");
INSERT INTO kelurahan VALUES("9105143018","9105143","INYA");
INSERT INTO kelurahan VALUES("9105143019","9105143","WARBEPOR");
INSERT INTO kelurahan VALUES("9105143020","9105143","YONGGAM");
INSERT INTO kelurahan VALUES("9105143021","9105143","SINGGIMEBA");
INSERT INTO kelurahan VALUES("9105143024","9105143","INYEI");
INSERT INTO kelurahan VALUES("9105143025","9105143","INDOSUFA . INDO OUFA");
INSERT INTO kelurahan VALUES("9105144001","9105144","ACEMO");
INSERT INTO kelurahan VALUES("9105144002","9105144","WARSUAMI");
INSERT INTO kelurahan VALUES("9105144004","9105144","MUPI");
INSERT INTO kelurahan VALUES("9105144007","9105144","ANGRISI");
INSERT INTO kelurahan VALUES("9105144009","9105144","MISAPMEYSI");
INSERT INTO kelurahan VALUES("9105144012","9105144","MARUNI");
INSERT INTO kelurahan VALUES("9105144013","9105144","WAMESA");
INSERT INTO kelurahan VALUES("9105144014","9105144","ANDAY");
INSERT INTO kelurahan VALUES("9105144015","9105144","WARURI / WELURI");
INSERT INTO kelurahan VALUES("9105144016","9105144","WASAY");
INSERT INTO kelurahan VALUES("9105144017","9105144","WARMUMI");
INSERT INTO kelurahan VALUES("9105144018","9105144","DIHARA");
INSERT INTO kelurahan VALUES("9105144019","9105144","KATEBU");
INSERT INTO kelurahan VALUES("9105144020","9105144","MASIEPI");
INSERT INTO kelurahan VALUES("9105144021","9105144","SOWI");
INSERT INTO kelurahan VALUES("9105144022","9105144","DOPUT");
INSERT INTO kelurahan VALUES("9105144023","9105144","WARKOMI");
INSERT INTO kelurahan VALUES("9105144024","9105144","NGINYBOU / NGUNIBOUW");
INSERT INTO kelurahan VALUES("9105146002","9105146","MISABUGOID");
INSERT INTO kelurahan VALUES("9105146003","9105146","MBATA");
INSERT INTO kelurahan VALUES("9105146004","9105146","HANGHOW");
INSERT INTO kelurahan VALUES("9105146005","9105146","NINGDIP");
INSERT INTO kelurahan VALUES("9105146006","9105146","RUAMBEI / URWAMBEI");
INSERT INTO kelurahan VALUES("9105146007","9105146","IMBOITI");
INSERT INTO kelurahan VALUES("9105146008","9105146","WARIARI");
INSERT INTO kelurahan VALUES("9105146014","9105146","WARAMI");
INSERT INTO kelurahan VALUES("9105146015","9105146","IMHASUMA");
INSERT INTO kelurahan VALUES("9105146016","9105146","IMBAISIKA I");
INSERT INTO kelurahan VALUES("9105146017","9105146","IMBAISIKA II/IMBOYSIKA");
INSERT INTO kelurahan VALUES("9105146019","9105146","UNGKOPTI");
INSERT INTO kelurahan VALUES("9105146020","9105146","WARKAPI");
INSERT INTO kelurahan VALUES("9105146021","9105146","MIRONI");
INSERT INTO kelurahan VALUES("9105146022","9105146","AYAWI");
INSERT INTO kelurahan VALUES("9105146023","9105146","INDIBO");
INSERT INTO kelurahan VALUES("9105146024","9105146","WARMARWAY");
INSERT INTO kelurahan VALUES("9105146030","9105146","WEDONI");
INSERT INTO kelurahan VALUES("9105146031","9105146","WAMIGTI");
INSERT INTO kelurahan VALUES("9105146032","9105146","UKEMBOUSI");
INSERT INTO kelurahan VALUES("9105146033","9105146","MEINYUMFOKU");
INSERT INTO kelurahan VALUES("9105170004","9105170","IGOR");
INSERT INTO kelurahan VALUES("9105170005","9105170","MEMBOWI");
INSERT INTO kelurahan VALUES("9105170006","9105170","MAKWAN");
INSERT INTO kelurahan VALUES("9105170007","9105170","MACUAN/SP V");
INSERT INTO kelurahan VALUES("9105170008","9105170","PRAFI BARAT");
INSERT INTO kelurahan VALUES("9105170009","9105170","MEIFORGA");
INSERT INTO kelurahan VALUES("9105170010","9105170","KALI MERAH");
INSERT INTO kelurahan VALUES("9105170011","9105170","MUARA PRAFI/PRAFI TIMUR");
INSERT INTO kelurahan VALUES("9105170012","9105170","BOWI SUBUR/SP VI");
INSERT INTO kelurahan VALUES("9105170013","9105170","SEMBAB");
INSERT INTO kelurahan VALUES("9105170014","9105170","SUMBER BOGA/SP VII");
INSERT INTO kelurahan VALUES("9105170015","9105170","WARIORI");
INSERT INTO kelurahan VALUES("9105170016","9105170","AURMIOS");
INSERT INTO kelurahan VALUES("9105170023","9105170","MANSABURI/SMARYAM");
INSERT INTO kelurahan VALUES("9105170024","9105170","MASNI");
INSERT INTO kelurahan VALUES("9105170026","9105170","SIBUNI");
INSERT INTO kelurahan VALUES("9105170033","9105170","WAM BOLA");
INSERT INTO kelurahan VALUES("9105170034","9105170","WARIORI INDAH");
INSERT INTO kelurahan VALUES("9105170035","9105170","RIRINFOS");
INSERT INTO kelurahan VALUES("9105170036","9105170","MOBJA");
INSERT INTO kelurahan VALUES("9105170038","9105170","JOWEN");
INSERT INTO kelurahan VALUES("9105170039","9105170","ASKA");
INSERT INTO kelurahan VALUES("9105170040","9105170","MANTEDI");
INSERT INTO kelurahan VALUES("9105170041","9105170","KOYANI");
INSERT INTO kelurahan VALUES("9105170042","9105170","MUARA WARIORI");
INSERT INTO kelurahan VALUES("9105170043","9105170","UNDI");
INSERT INTO kelurahan VALUES("9105170044","9105170","YEN SORIBO");
INSERT INTO kelurahan VALUES("9105170047","9105170","MEYOF II");
INSERT INTO kelurahan VALUES("9105171001","9105171","KAIRONI");
INSERT INTO kelurahan VALUES("9105171002","9105171","WARAMUI");
INSERT INTO kelurahan VALUES("9105171003","9105171","SIDEY JAYA");
INSERT INTO kelurahan VALUES("9105171004","9105171","SARAY");
INSERT INTO kelurahan VALUES("9105171005","9105171","SIDEY MAKMUR");
INSERT INTO kelurahan VALUES("9105171006","9105171","KASI");
INSERT INTO kelurahan VALUES("9105171007","9105171","SIDEY");
INSERT INTO kelurahan VALUES("9105171008","9105171","SIDEY BARU");
INSERT INTO kelurahan VALUES("9105171009","9105171","WAMNOWI");
INSERT INTO kelurahan VALUES("9105171010","9105171","WARIKI");
INSERT INTO kelurahan VALUES("9105171011","9105171","MEYOF I");
INSERT INTO kelurahan VALUES("9105171012","9105171","MANGGUPI");
INSERT INTO kelurahan VALUES("9106081001","9105142","PASIR PUTIH");
INSERT INTO kelurahan VALUES("9109030001","9105143","SAUBEBA");
INSERT INTO kelurahan VALUES("9109090017","9105171","WARAMUI");
INSERT INTO kelurahan VALUES("9111010001","9111010","KAPRUS");
INSERT INTO kelurahan VALUES("9111010002","9111010","REYOB");
INSERT INTO kelurahan VALUES("9111010003","9111010","SEIMEBA");
INSERT INTO kelurahan VALUES("9111010004","9111010","YERMATUM");
INSERT INTO kelurahan VALUES("9111020001","9111020","ISIM");
INSERT INTO kelurahan VALUES("9111020003","9111020","DUHUGESA");
INSERT INTO kelurahan VALUES("9111020004","9111020","UMOUSI");
INSERT INTO kelurahan VALUES("9111020005","9111020","DIHISU");
INSERT INTO kelurahan VALUES("9111020006","9111020","HUGAMOD");
INSERT INTO kelurahan VALUES("9111020007","9111020","DIBERA");
INSERT INTO kelurahan VALUES("9111020008","9111020","TAHOSTA");
INSERT INTO kelurahan VALUES("9111020009","9111020","INYUARA");
INSERT INTO kelurahan VALUES("9111020010","9111020","SIBJO");
INSERT INTO kelurahan VALUES("9111020011","9111020","DESRA");
INSERT INTO kelurahan VALUES("9111020012","9111020","MINDERMES");
INSERT INTO kelurahan VALUES("9111030001","9111030","ARYAWEN MOHO");
INSERT INTO kelurahan VALUES("9111030002","9111030","NENEI");
INSERT INTO kelurahan VALUES("9111030003","9111030","WAMA");
INSERT INTO kelurahan VALUES("9111030004","9111030","DISI");
INSERT INTO kelurahan VALUES("9111030006","9111030","BENYAS");
INSERT INTO kelurahan VALUES("9111030007","9111030","HOYOU");
INSERT INTO kelurahan VALUES("9111040001","9111040","YEKWANDI");
INSERT INTO kelurahan VALUES("9111040002","9111040","GAYA BARU");
INSERT INTO kelurahan VALUES("9111040003","9111040","NENEI PANTAI / NIJ");
INSERT INTO kelurahan VALUES("9111040004","9111040","WAREN");
INSERT INTO kelurahan VALUES("9111040005","9111040","SIWI");
INSERT INTO kelurahan VALUES("9111040006","9111040","DEMINI");
INSERT INTO kelurahan VALUES("9111050001","9111050","HAMAWI");
INSERT INTO kelurahan VALUES("9111050002","9111050","BAMAHA");
INSERT INTO kelurahan VALUES("9111050003","9111050","ABRESSO");
INSERT INTO kelurahan VALUES("9111050004","9111050","RANSIKI KOTA");
INSERT INTO kelurahan VALUES("9111050005","9111050","TOBOUW");
INSERT INTO kelurahan VALUES("9111050006","9111050","SABRI");
INSERT INTO kelurahan VALUES("9111050007","9111050","KOBREY");
INSERT INTO kelurahan VALUES("9111050007","9112020","KOBREY");
INSERT INTO kelurahan VALUES("9111050008","9111050","HAMOR");
INSERT INTO kelurahan VALUES("9111050009","9111050","SWER/WAMCEI");
INSERT INTO kelurahan VALUES("9111050010","9111050","MAMBREMA");
INSERT INTO kelurahan VALUES("9111050011","9111050","YAMBOY");
INSERT INTO kelurahan VALUES("9111050012","9111050","NUHUEI");
INSERT INTO kelurahan VALUES("9111050013","9111050","SUSMOROF");
INSERT INTO kelurahan VALUES("9111060001","9111060","WARKWANDI");
INSERT INTO kelurahan VALUES("9111060002","9111060","MUARI");
INSERT INTO kelurahan VALUES("9111060003","9111060","ORANSBARI");
INSERT INTO kelurahan VALUES("9111060004","9111060","MARGOMULYO");
INSERT INTO kelurahan VALUES("9111060005","9111060","MARGORUKUN");
INSERT INTO kelurahan VALUES("9111060006","9111060","AKEJU");
INSERT INTO kelurahan VALUES("9111060007","9111060","SINDANG JAYA");
INSERT INTO kelurahan VALUES("9111060008","9111060","WAROSER");
INSERT INTO kelurahan VALUES("9111060009","9111060","WARBIADI");
INSERT INTO kelurahan VALUES("9111060010","9111060","WATARIRI");
INSERT INTO kelurahan VALUES("9111060011","9111060","SIDOMULYO");
INSERT INTO kelurahan VALUES("9111060012","9111060","WANDOKI");
INSERT INTO kelurahan VALUES("9111060013","9111060","MASABUI 2");
INSERT INTO kelurahan VALUES("9111060014","9111060","MASABUI");
INSERT INTO kelurahan VALUES("9112010001","9112010","KUSMENAU");
INSERT INTO kelurahan VALUES("9112010002","9112010","SNERANER");
INSERT INTO kelurahan VALUES("9112010003","9112010","CIRNOHU");
INSERT INTO kelurahan VALUES("9112010004","9112010","DISRA");
INSERT INTO kelurahan VALUES("9112010005","9112010","DIBETIK");
INSERT INTO kelurahan VALUES("9112010006","9112010","DANMOU");
INSERT INTO kelurahan VALUES("9112010007","9112010","SIRGEMEIH");
INSERT INTO kelurahan VALUES("9112010008","9112010","DEMDANEI");
INSERT INTO kelurahan VALUES("9112010009","9112010","IRANMEBA");
INSERT INTO kelurahan VALUES("9112010010","9112010","GEDEIRA");
INSERT INTO kelurahan VALUES("9112010011","9112010","DUGRIMOG");
INSERT INTO kelurahan VALUES("9112010012","9112010","CIGERA");
INSERT INTO kelurahan VALUES("9112010013","9112010","TOMSIR");
INSERT INTO kelurahan VALUES("9112010014","9112010","MISEDA");
INSERT INTO kelurahan VALUES("9112020001","9112020","INYAUB");
INSERT INTO kelurahan VALUES("9112020002","9112020","DUGUHANI");
INSERT INTO kelurahan VALUES("9112020003","9112020","KOPO");
INSERT INTO kelurahan VALUES("9112020004","9111050","KOBREY");
INSERT INTO kelurahan VALUES("9112020004","9112020","KOBREY");
INSERT INTO kelurahan VALUES("9112020005","9112020","KOSTERA");
INSERT INTO kelurahan VALUES("9112020007","9112020","SAUGEMEBA");
INSERT INTO kelurahan VALUES("9112020008","9112020","MENESRIJ");
INSERT INTO kelurahan VALUES("9112020009","9112020","TUHUBEA");
INSERT INTO kelurahan VALUES("9112020011","9112020","ANUK");
INSERT INTO kelurahan VALUES("9112020012","9112020","TOMSTERA");
INSERT INTO kelurahan VALUES("9112030001","9112030","ITKAU");
INSERT INTO kelurahan VALUES("9112030002","9112030","TUABYAM");
INSERT INTO kelurahan VALUES("9112030003","9112030","SIBIOGUD");
INSERT INTO kelurahan VALUES("9112030004","9112030","TOMBROK");
INSERT INTO kelurahan VALUES("9112030005","9112030","INGISROW");
INSERT INTO kelurahan VALUES("9112030006","9112030","SESERAN / SISRANG");
INSERT INTO kelurahan VALUES("9112030007","9112030","KROBUT / KIWOT");
INSERT INTO kelurahan VALUES("9112030008","9112030","SAKUNI/SAKURAI");
INSERT INTO kelurahan VALUES("9112040001","9112040","MEMTI");
INSERT INTO kelurahan VALUES("9112040002","9112040","USTI");
INSERT INTO kelurahan VALUES("9112040003","9112040","INYEBOW");
INSERT INTO kelurahan VALUES("9112040004","9112040","IMBEISABA");
INSERT INTO kelurahan VALUES("9112040006","9112040","KONEY");
INSERT INTO kelurahan VALUES("9112050001","9112050","PAMAHA");
INSERT INTO kelurahan VALUES("9112050002","9112050","TESTEGA PAMAHA");
INSERT INTO kelurahan VALUES("9112050003","9112050","IRAIWERI");
INSERT INTO kelurahan VALUES("9112050004","9112050","IMBAI");
INSERT INTO kelurahan VALUES("9112050006","9112050","SUSI");
INSERT INTO kelurahan VALUES("9112050007","9112050","INGEBAI / IMBEISBA");
INSERT INTO kelurahan VALUES("9112050008","9112050","SUTEIBEY");
INSERT INTO kelurahan VALUES("9112050010","9112050","AYAUBEY");
INSERT INTO kelurahan VALUES("9112050013","9112050","ULONG");
INSERT INTO kelurahan VALUES("9112060001","9112060","TRIDAGA");
INSERT INTO kelurahan VALUES("9112060002","9112060","SISKEDOUW");
INSERT INTO kelurahan VALUES("9112060003","9112060","IRBOS");
INSERT INTO kelurahan VALUES("9112060004","9112060","DISURA");
INSERT INTO kelurahan VALUES("9112060005","9112060","DEROUBU");
INSERT INTO kelurahan VALUES("9112060006","9112060","ASUM");
INSERT INTO kelurahan VALUES("9112060007","9112060","TAIGE");
INSERT INTO kelurahan VALUES("9112060009","9112060","HORETA");
INSERT INTO kelurahan VALUES("9112060010","9112060","AWAIKUM / AWAIGAU");
INSERT INTO kelurahan VALUES("9112060011","9112060","UBEISA");
INSERT INTO kelurahan VALUES("9112070001","9112070","MINGGOT");
INSERT INTO kelurahan VALUES("9112070002","9112070","PENIBUT");
INSERT INTO kelurahan VALUES("9112070003","9112070","MONUT");
INSERT INTO kelurahan VALUES("9112070004","9112070","SOPNYAI");
INSERT INTO kelurahan VALUES("9112070005","9112070","NUNGKIMOR");
INSERT INTO kelurahan VALUES("9112070006","9112070","NGIMOUBRE");
INSERT INTO kelurahan VALUES("9112070007","9112070","KISAP");
INSERT INTO kelurahan VALUES("9112070008","9112070","LEIHEAK");
INSERT INTO kelurahan VALUES("9112070009","9112070","MBEGAU");
INSERT INTO kelurahan VALUES("9112070010","9112070","MINYEIMEMUT");
INSERT INTO kelurahan VALUES("9112070011","9112070","DEMUNTI");
INSERT INTO kelurahan VALUES("9112070012","9112070","CANGOISI");
INSERT INTO kelurahan VALUES("9112070014","9112070","TUMBEIBEHEI");
INSERT INTO kelurahan VALUES("9112070015","9112070","TINGKWOIKIU");
INSERT INTO kelurahan VALUES("9112070016","9112070","MBRANDE / MBRAMDEGA");
INSERT INTO kelurahan VALUES("9112070017","9112070","GUEIUTI");
INSERT INTO kelurahan VALUES("9112070018","9112070","HUMEYSI");
INSERT INTO kelurahan VALUES("9112070019","9112070","KWAIYEHEP");
INSERT INTO kelurahan VALUES("9112070020","9112070","IKIMABOW");
INSERT INTO kelurahan VALUES("9112070021","9112070","NTAP");
INSERT INTO kelurahan VALUES("9112070022","9112070","HEATIE BOUW");
INSERT INTO kelurahan VALUES("9112070023","9112070","ARION");
INSERT INTO kelurahan VALUES("9112070025","9112070","KWOK I");
INSERT INTO kelurahan VALUES("9112070026","9112070","KWOKWISNGUNG/KWOK II");
INSERT INTO kelurahan VALUES("9112070027","9112070","TIGAU COMTI");
INSERT INTO kelurahan VALUES("9112070028","9112070","GWEIPINGBAI");
INSERT INTO kelurahan VALUES("9112070029","9112070","URWONG");
INSERT INTO kelurahan VALUES("9112080001","9112080","MBINGMA");
INSERT INTO kelurahan VALUES("9112080002","9112080","INGGRAHIM");
INSERT INTO kelurahan VALUES("9112080003","9112080","IMBREKTI");
INSERT INTO kelurahan VALUES("9112080004","9112080","MEMANGKER");
INSERT INTO kelurahan VALUES("9112080005","9112080","IMBONGGUN");
INSERT INTO kelurahan VALUES("9112080006","9112080","BINGWOYUD");
INSERT INTO kelurahan VALUES("9112080007","9112080","MISADWER/MICADIWOR");
INSERT INTO kelurahan VALUES("9112080009","9112080","DEMAISI");
INSERT INTO kelurahan VALUES("9112080011","9112080","COISI");
INSERT INTO kelurahan VALUES("9112080012","9112080","MICOMTI");
INSERT INTO kelurahan VALUES("9112080013","9112080","UNGGA");
INSERT INTO kelurahan VALUES("9112080014","9112080","NIMBIAU");
INSERT INTO kelurahan VALUES("9112080015","9112080","SINAYTOISI");
INSERT INTO kelurahan VALUES("9112080016","9112080","SIGIM");
INSERT INTO kelurahan VALUES("9112080017","9112080","SMAINGEI");
INSERT INTO kelurahan VALUES("9112080018","9112080","SIMERBEI");
INSERT INTO kelurahan VALUES("9112080019","9112080","APUI");
INSERT INTO kelurahan VALUES("9112080020","9112080","AWIBEHEY");
INSERT INTO kelurahan VALUES("9112080021","9112080","ADUER");
INSERT INTO kelurahan VALUES("9112080022","9112080","ANGGRA");
INSERT INTO kelurahan VALUES("9112080023","9112080","AYAU");
INSERT INTO kelurahan VALUES("9112080024","9112080","IMBENTI");
INSERT INTO kelurahan VALUES("9112080025","9112080","MITIEDE");
INSERT INTO kelurahan VALUES("9112080026","9112080","MENYAMBOUW");
INSERT INTO kelurahan VALUES("9112080027","9112080","IPINGOISI");
INSERT INTO kelurahan VALUES("9112080028","9112080","PIYAUSI");
INSERT INTO kelurahan VALUES("9112080029","9112080","MAINDA");
INSERT INTO kelurahan VALUES("9112080030","9112080","HANDUK");
INSERT INTO kelurahan VALUES("9112080031","9112080","INDABRI");
INSERT INTO kelurahan VALUES("9112080032","9112080","NINSIMOI");
INSERT INTO kelurahan VALUES("9112080035","9112080","MISAPNGOISI");
INSERT INTO kelurahan VALUES("9112080036","9112080","ANDANG");
INSERT INTO kelurahan VALUES("9112080040","9112080","WAMINDA");
INSERT INTO kelurahan VALUES("9112080043","9112080","DRIYE");
INSERT INTO kelurahan VALUES("9112080049","9112080","NJUAR");
INSERT INTO kelurahan VALUES("9112090001","9112090","SOUDIN");
INSERT INTO kelurahan VALUES("9112090002","9112090","UNTI");
INSERT INTO kelurahan VALUES("9112090003","9112090","MIEY COMTY");
INSERT INTO kelurahan VALUES("9112090004","9112090","COIJUD");
INSERT INTO kelurahan VALUES("9112090005","9112090","BINGWAIMOD");
INSERT INTO kelurahan VALUES("9112090006","9112090","MINMO");
INSERT INTO kelurahan VALUES("9112090007","9112090","IJIGREK");
INSERT INTO kelurahan VALUES("9112090008","9112090","TIMTOU");
INSERT INTO kelurahan VALUES("9112090009","9112090","MINHOU");
INSERT INTO kelurahan VALUES("9112090010","9112090","CATUBOU");
INSERT INTO kelurahan VALUES("9112090011","9112090","AIGA");
INSERT INTO kelurahan VALUES("9112090012","9112090","KAUNGWAM");
INSERT INTO kelurahan VALUES("9112090013","9112090","BINGRAYUD");
INSERT INTO kelurahan VALUES("9112090014","9112090","IDEMAI");
INSERT INTO kelurahan VALUES("9112090015","9112090","MIHIJI");
INSERT INTO kelurahan VALUES("9112090016","9112090","IMANDRIGO");
INSERT INTO kelurahan VALUES("9112090017","9112090","NDABOU");
INSERT INTO kelurahan VALUES("9112090018","9112090","SLOMIOU");
INSERT INTO kelurahan VALUES("9112090019","9112090","SUGEMAH");
INSERT INTO kelurahan VALUES("9112090020","9112090","JIM");
INSERT INTO kelurahan VALUES("9112090021","9112090","MANGGESUK");
INSERT INTO kelurahan VALUES("9112100001","9112100","MORUMFEYI");
INSERT INTO kelurahan VALUES("9112100002","9112100","IBA");
INSERT INTO kelurahan VALUES("9112100003","9112100","MEKSI");
INSERT INTO kelurahan VALUES("9112100004","9112100","MEIGEHENAWU");
INSERT INTO kelurahan VALUES("9112100005","9112100","MOFOUKEDA");
INSERT INTO kelurahan VALUES("9112100006","9112100","MEIDOGDA");
INSERT INTO kelurahan VALUES("9112100007","9112100","ASAY II");
INSERT INTO kelurahan VALUES("9112100009","9112100","MENJUGIJI");
INSERT INTO kelurahan VALUES("9112100010","9112100","MEIFEKENI");
INSERT INTO kelurahan VALUES("9112100011","9112100","SAMEN HON");
INSERT INTO kelurahan VALUES("9112100012","9112100","TESTEGA");
INSERT INTO kelurahan VALUES("9112100013","9112100","ISHOM");
INSERT INTO kelurahan VALUES("9112100014","9112100","JIJGA");
INSERT INTO kelurahan VALUES("9112100015","9112100","DEMOURA");
INSERT INTO kelurahan VALUES("9401041006","9111060","SIDOMULYO");
INSERT INTO kelurahan VALUES("9402224004","9105110","TANAH MERAH");
INSERT INTO kelurahan VALUES("9408060012","9105142","PASIR PUTIH");
INSERT INTO kelurahan VALUES("9410030009","9112020","KOPO");
INSERT INTO kelurahan VALUES("9410071003","9105142","PASIR PUTIH");
INSERT INTO kelurahan VALUES("9412041009","9105142","PASIR PUTIH");
INSERT INTO kelurahan VALUES("9413041001","9105120","SOMI");
INSERT INTO kelurahan VALUES("9418014001","9111030","WAMA");
INSERT INTO kelurahan VALUES("9418042012","9111030","WAMA");
INSERT INTO kelurahan VALUES("9418051012","9105170","UNDI");
INSERT INTO kelurahan VALUES("9429081002","9105142","PASIR PUTIH");
INSERT INTO kelurahan VALUES("9432010009","9105143","PAMI");
INSERT INTO kelurahan VALUES("9432040025","9105144","SOWI");
INSERT INTO kelurahan VALUES("9433040018","9105142","PASIR PUTIH");



DROP TABLE m_kodesurat;

CREATE TABLE `m_kodesurat` (
  `id` int(4) NOT NULL AUTO_INCREMENT,
  `kode` varchar(50) NOT NULL,
  `nama` varchar(250) NOT NULL,
  `uraian` mediumtext NOT NULL,
  PRIMARY KEY (`id`)
) ENGINE=InnoDB AUTO_INCREMENT=35 DEFAULT CHARSET=latin1;

INSERT INTO m_kodesurat VALUES("11","100","Subbagian Tata Usaha","");
INSERT INTO m_kodesurat VALUES("12","1","Urusan Perencanaan, Evaluasi, dan Pelaporan","");
INSERT INTO m_kodesurat VALUES("13","2","Urusan Umum dan Kepegawaian","");
INSERT INTO m_kodesurat VALUES("14","3","urusan keuangan dan bmn","");
INSERT INTO m_kodesurat VALUES("15","200","Seksi infrastruktur pertanahan","");
INSERT INTO m_kodesurat VALUES("16","4","Subseksi Pengukuran dan Pemetaan Dasar dan Tematik","");
INSERT INTO m_kodesurat VALUES("17","5","Subseksi Pengukuran dan Pemetaan Kadastral","");
INSERT INTO m_kodesurat VALUES("18","300","Seksi Hubungan Hukum Pertanahan","");
INSERT INTO m_kodesurat VALUES("19","6","Subseksi Penetapan Hak Tanah dan Pemberdayaan Hak Tanah Masyarakat","");
INSERT INTO m_kodesurat VALUES("20","7","Subseksi Pendaftaran Hak Tanah","");
INSERT INTO m_kodesurat VALUES("21","8","Subseksi Pemeliharaan Data Hak Tanah dan Pembinaan PPAT","");
INSERT INTO m_kodesurat VALUES("22","400","Seksi Penataan Pertanahan","");
INSERT INTO m_kodesurat VALUES("23","9","Subseksi Penatagunaan Tanah dan Kawasan Tertentu","");
INSERT INTO m_kodesurat VALUES("24","10","Subseksi Landreform dan Konsolidasi Tanah","");
INSERT INTO m_kodesurat VALUES("25","500","Seksi Pengadaan Tanah","");
INSERT INTO m_kodesurat VALUES("26","11","Subseksi Pemanfaatan Tanah Pemerintah dan Penilaian Tanah","");
INSERT INTO m_kodesurat VALUES("27","12","Subseksi Fasilitas Pengadaan dan Penetapan Tanah Pemerintah","");
INSERT INTO m_kodesurat VALUES("28","600","Seksi Penanganan Masalah dan Pengendalian Pertanahan","");
INSERT INTO m_kodesurat VALUES("29","13","Subseksi Penanmganan Sengketa, Konflik dan Perkara Pertanahan","");
INSERT INTO m_kodesurat VALUES("30","14","Subseksi Pengendalian Pertanahan","");
INSERT INTO m_kodesurat VALUES("31","St","Surat Tugas","");
INSERT INTO m_kodesurat VALUES("32","BA","Berita Acara","");
INSERT INTO m_kodesurat VALUES("33","Sph","Surat Perintah","");
INSERT INTO m_kodesurat VALUES("34","ND","Nota Dinas","");



DROP TABLE m_kodewilayah;

CREATE TABLE `m_kodewilayah` (
  `id` int(4) NOT NULL AUTO_INCREMENT,
  `kode` varchar(50) NOT NULL,
  `nama` varchar(250) NOT NULL,
  `uraian` mediumtext NOT NULL,
  PRIMARY KEY (`id`)
) ENGINE=InnoDB AUTO_INCREMENT=5 DEFAULT CHARSET=latin1;

INSERT INTO m_kodewilayah VALUES("1","92.02","kab.manokwari","");
INSERT INTO m_kodewilayah VALUES("2","92.03","kab.fakfak","");
INSERT INTO m_kodewilayah VALUES("3","33.01","kab.semarang","");
INSERT INTO m_kodewilayah VALUES("4","33.17","kab.sukoharjo","");



DROP TABLE m_tujuan;

CREATE TABLE `m_tujuan` (
  `id` int(4) NOT NULL AUTO_INCREMENT,
  `kode` varchar(50) NOT NULL,
  `nama` varchar(250) NOT NULL,
  `kantor` varchar(250) NOT NULL,
  `alamat` varchar(250) NOT NULL,
  PRIMARY KEY (`id`)
) ENGINE=InnoDB AUTO_INCREMENT=9 DEFAULT CHARSET=latin1;

INSERT INTO m_tujuan VALUES("7","1","Solo","Solo BPN","Solo Jateng");
INSERT INTO m_tujuan VALUES("8","2","jakarta","bpn","jakarta");



DROP TABLE ref_klasifikasi;

CREATE TABLE `ref_klasifikasi` (
  `id` int(4) NOT NULL AUTO_INCREMENT,
  `kode` varchar(50) NOT NULL,
  `nama` varchar(250) NOT NULL,
  `uraian` mediumtext NOT NULL,
  PRIMARY KEY (`id`)
) ENGINE=InnoDB AUTO_INCREMENT=177 DEFAULT CHARSET=latin1;

INSERT INTO ref_klasifikasi VALUES("1","KU.00","RENCANA DAN PENYUSUNAN ANGGARAN","Rencana dan Penyusunan Anggarans\n");
INSERT INTO ref_klasifikasi VALUES("2","KU.00.1","RENCANA ANGGARAN","Berkenaan dgn perencanaan anggaran seperti RAKIP, RKA-KL, RASKIP, usulan RAPBN");
INSERT INTO ref_klasifikasi VALUES("3","KU.00.2","PENYUSUNAN ANGGARAN","Surat-surat yang berkenaan dengan anggaran belanja, seperti PAGU Indikatif, Pagu Definitif, RKA, DIPA, POK, Revisi Anggaran");
INSERT INTO ref_klasifikasi VALUES("4","KU.00.3","NON BUDGETER","Berkaitan dgn penyusunan anggaran non budgeter (NTCR, Biaya petugas haji, Badan Kesejahteraan Masjid, BP4, MTQ)");
INSERT INTO ref_klasifikasi VALUES("5","KU.01","BELANJA","-");
INSERT INTO ref_klasifikasi VALUES("6","KU.01.1","SURAT PERMINTAAN PEMBAYARAN","Surat-surat   yang   berkenaan   dengan   pengajuan   dan   pengeluaran surat permintaan pembayaran (SPP) meliputi SPPGU, SPPDU/TU, SPPLS,   ABT   rutin,   termasuk   gaji   pegawai,  Surat   Pernyataan  Pengajuan   Tambahan   Uang   Persediaan,  Surat   Permohonan  Tambahan   Uang   Persediaan,  Surat   Pernyataan   Permintaan \nDispensasi   Tambahan   Uang   Persediaan,  Penambahan  Anggaran/Anggaran Pendapatan Belanja Negara Perubahan.");
INSERT INTO ref_klasifikasi VALUES("7","KU.01.2","SPJ","Surat-surat   yang   berkenaan   dengan   pengajuan   dan   pengeluaran surat   permintaan   pembayaran   (SPP)   beban   tetap   dan sementara/UUDP   (Uang   Untuk   Dipertanggungjawabkan) pembangunan.");
INSERT INTO ref_klasifikasi VALUES("8","KU.02","SPJ","-");
INSERT INTO ref_klasifikasi VALUES("9","KU.02.1","SPJ APBN ","Surat-surat yang berkenaan dengan pertanggungjawaban keuangan anggaran belanja rutin, seperti: laporan Realisasi Keuangan, surat Pernyataan Tanggung Jawab Belanja, surat Keterangan Tanggung Jawab Mutlak, laporan Realisasi Anggaran ");
INSERT INTO ref_klasifikasi VALUES("10","KU.02.2","SPJ NON BUDGETER","Surat-surat yang berkenaan dengan pertanggungjawaban keuangan (NTCR, Biaya petugas haji, Badan Kesejahteraan Masjid, BP4, MTQ)");
INSERT INTO ref_klasifikasi VALUES("11","KU.03","PENDAPATAN NEGARA","-");
INSERT INTO ref_klasifikasi VALUES("12","KU.03.1","PAJAK","Surat-surat yang berkenaan dengan pendapatan Negara dari hasil pajak yang meliputi: MPO (Menghitung Pajak Orang), PPN (Pajak Pendapatan Negara), Pajak Jasa, PPH (Pajak Pendapatan Penghasilan), Dan pajak lainnya.");
INSERT INTO ref_klasifikasi VALUES("13","KU.03.2","BUKAN PAJAK","Surat-surat   yang   berkenaan   dengan   pendapatan   Negara   dan   hasil bukan pajak (nontax) yang meliputi penerimaan dari : biaya   penelitian   hasil   penerimaan negara, biaya NTCR, biaya   perkara   dan   hasil   penjualan barang-barang   inventaris   yang dihapuskan.");
INSERT INTO ref_klasifikasi VALUES("14","KU.04","PERBANKAN","-");
INSERT INTO ref_klasifikasi VALUES("15","KU.04.1","VALUTA ASING/TRANSFER","Surat-surat yang berkenaan dengan pembelian Valuta Asing.");
INSERT INTO ref_klasifikasi VALUES("16","KU.04.2","SURAT-SURAT YANG BERKENAAN DENGAN PEMBELIAN VALUTA ASING.","ralat Rekening, Surat Pernyataan Rekening");
INSERT INTO ref_klasifikasi VALUES("17","KU.05","SUMBANGAN/BANTUAN","Surat-surat   yang   berkenaan   dengan   permintaan,   pemberian sumbangan/bantuan   khusus   di   luar   tugas   pokok   Kementerian   Agama, seperti: bencana alam, kebakaran, pekan Olah Raga, dan lain sebagainnya");
INSERT INTO ref_klasifikasi VALUES("18","KP","KEPEGAWAIAN","-");
INSERT INTO ref_klasifikasi VALUES("19","KP.00","PENGADAAN","-");
INSERT INTO ref_klasifikasi VALUES("20","KP.00.1","FORMASI","Surat-surat   yang   berkenaan   dengan   perencanaan   pengadaan pegawai,   nota   usul,   formasi   sampai   dengan   persetujuan   termasuk didalamnya berzetting.");
INSERT INTO ref_klasifikasi VALUES("21","KP.00.2","PENERIMAAN","Surat-surat yang berkenaan dengan penerimaan pegawai baru, mulai dari   pengumuman   penerimaan,   panggilan testing/psychotest/clearance test sampai pengumuman yang diterima, termasuk di dalamnya:  GAH (Guru Agama Honorarium), GTT (Guru Tidak Tetap), P3-NTCR   (Pegawai   Pembantu Pencatat   Nikah   Talak   Cerai   Rujuk)   / Pembantu   PPN   dan   Tenaga honorarium   lainnya,   termasuk pengangkatan dan pemberhentiannya.");
INSERT INTO ref_klasifikasi VALUES("22","KP.00.3","PENGANGKATAN","Surat-surat   yang   berkenaan   dengan   seluruh   proses   pengangkatan calon   pegawai   dan   menempatkan   calon   pegawai   sampai   dengan menjadi   pegawai   negeri,   mulai   dan   pemeriksaan   kesehatan   sampai dengan pengangkatan, termasuk pelimpahan/penempatan.");
INSERT INTO ref_klasifikasi VALUES("23","KP.01","TATA USAHA KEPEGAWAIAN","-");
INSERT INTO ref_klasifikasi VALUES("24","KP.01.1","IZIN/DISPENSASI","Surat-surat   yang   berkenaan   dengan   izin   tidak   masuk   kerja   atas permintaan   yang   diajukan   oleh   pegawai   yang  bersangkutan, maupun dispensasi yang diajukan oleh instansi lain termasuk tugas pada instansi lain dan tugas ke luar negeri bagi pegawai Kementerian Agama serta tugas belajar yang diberikan oleh instansi Kementerian Agama atau atas permintaan pegawai yang bersangkutan.");
INSERT INTO ref_klasifikasi VALUES("25","KP.01.2","KETERANGAN","Surat-surat yang berkenaan dengan keterangan pegawai keluarganya, termasuk   surat-surat   mengenai   NIP/KARPEG   penunjukan penghubung ke instansi lain dan data pegawai/pejabat.");
INSERT INTO ref_klasifikasi VALUES("26","KP.02","PENDIDIKAN DAN PELATIHAN","-");
INSERT INTO ref_klasifikasi VALUES("27","KP.02.1","DIKLAT PRAJABATAN","Surat-surat yang berkenaan dengan: Diklat Prajabatan Golongan I sebagai syarat untuk menjadi PNS golongan I, Diklat Prajabatan Golongan II sebagai syarat untuk menjadi PNS golongan II, Diklat Prajabatan Golongan III sebagai syarat untuk menjadi PNS golongan III, Mulai dan  perencanaan  (training  need survei  kurikulum, silabus dan lainnya), pelaksanaan dan evaluasi. ");
INSERT INTO ref_klasifikasi VALUES("28","KP.02.2","DIKLAT DALAM JABATAN","Surat-surat yang berkenaan dengan: Diklat Kepemimpinan, Diklat Fungsional, Diklat Teknis, ");
INSERT INTO ref_klasifikasi VALUES("29","KP.02.3","LATIHAN KURSUS","Surat-surat   yang   berkenaan   dengan   kursus   baik   yang diselenggarakan dalam negeri maupun luar negeri, misalnya: LEMHANAS (Lembaga Pertahanan Nasional), Workshop, Lokakarya, Orientasi, Konsultasi, Sosialisasi, Seminar, dan lain-lain, Mulai dan perencanaan, persiapan, pelaksanaan dan evaluasi.");
INSERT INTO ref_klasifikasi VALUES("30","KP.03","KORPRI","Surat-   surat   yang   berkenaan   dengan   organisasi   KORPRI   termasuk   di dalamnya: Dharma Wanita, PEMILU dan lain-lain yang sejenis.");
INSERT INTO ref_klasifikasi VALUES("31","KP.04","PENILAIAN DAN HUKUMAN","-");
INSERT INTO ref_klasifikasi VALUES("32","KP.04.1","PENILAIAN","Surat-surat yang berkenaan dengan penilaian pelaksanaan pekerjaan, disiplin   pegawai,   pemalsuan   administrasi   kepegawaian,   rehabilitasi dan pemutihan.");
INSERT INTO ref_klasifikasi VALUES("33","KP.04.2","HUKUMAN","Surat-surat yang berkenaan dengan hukuman pegawai yang meliputi: teguran tertulis pernyataan tidak puas secara tertulis, enundaan kenaikan gaji berkala untuk paling lama 1 (satu) tahun penundaan kenaikan pangkat untuk paling lama 1 (satu) tahun, penurunan   pangkat   pada   pangkat   yang   setingkat   lebih  rendah untuk paling lama 1 (satu) tahun pembebasan dari jabatan,  pemberhentian   dengan   hormat   tidak   atas   permintaan   sendiri sebagai Pegawai Negeri Sipil, pemberhentian tidak dengan hormat sebagai Pegawai Negeri Sipil.");
INSERT INTO ref_klasifikasi VALUES("34","KP.05","SCREENING","Surat-surat yang berhubungan dengan screening bagi pegawai dalam hal kegiatan politik.");
INSERT INTO ref_klasifikasi VALUES("35","KP.06","PEMBINAAN MENTAL","Surat-surat   yang   berkenaan   dengan   pembinaan   mental pegawai termasuk di dalamnya kerokhanian dan P4");
INSERT INTO ref_klasifikasi VALUES("36","KP.07","MUTASI","-");
INSERT INTO ref_klasifikasi VALUES("37","KP.07.1","KEPANGKATAN","Surat-surat   yang   berkenaan   dengan   kenaikan   pangkat/golongan termasuk di dalamnya ujian dinas, penyesuaian ijazah dan daftar unit kepangkatan.");
INSERT INTO ref_klasifikasi VALUES("38","KP.07.2","KENAIKAN GAJI BERKALA","Surat-surat yang berkenaan dengan kenaikan gaji berkala.");
INSERT INTO ref_klasifikasi VALUES("39","KP.07.3","PENYESUAIN MASA KERJA","Surat-surat   yang   berkenaan   dengan   penyesuaian   masa   kerja   untuk perubahan ruang gaji dan impassing");
INSERT INTO ref_klasifikasi VALUES("40","KP.07.4","PENYESUAIAN TUNJANGAN KELUARGA","Surat-surat yang berkenaan dengan penyesuaian tunjangan keluarga");
INSERT INTO ref_klasifikasi VALUES("41","KP.07.5","ALIH TUGAS","Surat-surat   yang   berkenaan   dengan   alih   tugas   bagi   para pelaksana/staf,   perpindahan   dalam   rangka   pemantapan   tugas pekerjaan termasuk mengenai fasilitasnya.");
INSERT INTO ref_klasifikasi VALUES("42","KP.07.6","JABATAN STRUKTURAL/FUNGSIONAL","Surat-surat   yang   berkenaan   dengan   pengangkatan   dan pemberhentian   dalam   jabatan   struktural/fungsional   termasuk tunjangan  jabatan  sewaktu   penugasan   atau   pemberian   kuasa  untuk menjabat sementara, termasuk fasilitasnya.");
INSERT INTO ref_klasifikasi VALUES("43","KP.08","KESEJAHTERAAN","-");
INSERT INTO ref_klasifikasi VALUES("44","KP.08.1","KESEHATAN","Surat-surat yang berkenaan dengan penyelenggaraan kesehatan bagi pegawai meliputi: asuransi kesehatan (ASKES), general chek up pejabat, general chek up karyawan/i");
INSERT INTO ref_klasifikasi VALUES("45","KP.08.2","CUTI","Surat-surat yang berkenaan dengan cuti pegawai meliputi: cuti tahunan, cuti karena alasan penting,  cuti sakit, cuti bersalin/hamil, dan,  cuti di luar tanggungan negara.");
INSERT INTO ref_klasifikasi VALUES("46","KP.08.3","REKREASI","Surat-surat yang berkenaan dengan rekreasi dan olah raga.");
INSERT INTO ref_klasifikasi VALUES("47","KP.08.4","BANTUAN/SANTUAN SOSIAL","Surat-surat   yang   berkenaan   pemberian   bantuan/tunjangan   sosial kepada   pegawai   dan   keluarga   yang   mengalami   musibah,   termasuk ucapan duka cita.");
INSERT INTO ref_klasifikasi VALUES("48","KP.08.5","KOPERASI","Surat-surat yang berkenaan dengan organisasi koperasi termasuk di dalamnya masalah pengurusan kebutuhan bahan pokok.");
INSERT INTO ref_klasifikasi VALUES("49","KP.08.6","PERUMAHAN","Surat-surat yang berkenaan dengan perumahan pegawai.");
INSERT INTO ref_klasifikasi VALUES("50","KP.08.7","ANTAR  JEMPUT/TRANSPORTASI","Surat-surat yang berkenaan dengan transportasi pegawai.");
INSERT INTO ref_klasifikasi VALUES("51","KP.08.8","PENGHARGAAN","Surat-surat   yang   berkenaan   dengan   penghargaan,   Tanda   jasa, Piagam, Satya Lencana,  Penghargaan Anumerta dan sebagainya");
INSERT INTO ref_klasifikasi VALUES("52","KP.09","PEMUTUSAN HUBUNGAN KERJA","Surat-surat   yang   berkenaan   pemberian   dengan   pensiun   pegawai, termasuk   jaminan-jaminan   asuransi   karena   berhenti   atas   permintaan sendiri,  berhenti  dengan  hormat  bukan  karena   hukuman,  pindah  keluar dari Departemen dan meninggal dunia.");
INSERT INTO ref_klasifikasi VALUES("53","OT","ORGANISASI DAN TATALAKSANA","-");
INSERT INTO ref_klasifikasi VALUES("54","OT.00","ORGANISASI","Surat-surat yang berhubungan dengan pembentukan dan pengembangan organisasi serta analisis jabatan.");
INSERT INTO ref_klasifikasi VALUES("55","OT.01","TATALAKSANA","-");
INSERT INTO ref_klasifikasi VALUES("56","OT.01.1","PERENCANAAN","Surat-surat   yang   berhubungan   dengan   perencanaan/program kerja,   pengembangan   organisasi  dan   kebijakan   dibidang perencanaan");
INSERT INTO ref_klasifikasi VALUES("57","OT.01.2","LAPORAN","Surat-surat   yang   berhubungan   dengan   monitoring,   evaluasi   dan laporan antara lain: AKIP, kinerja Menteri , mingguan, bulanan, triwulan, semesteran");
INSERT INTO ref_klasifikasi VALUES("58","OT.01.3","PENYUSUNAN PROSEDUR KERJA","Surat-surat   yang   berhubungan   dengan   penyusunan   sistem, pedoman,   petunjuk   pelaksanaanan,   petunjuk   teknis   dan pembakuan sarana kerja");
INSERT INTO ref_klasifikasi VALUES("59","OT.01.4","PELAYANAN MASYARAKAT","Surat-surat   yang   berhubungan   dengan   peningkatan   pelayanan masyarakat antara lain : penilaian kinerja unit pelayan masyarakat, penilaian kinerja Sumber Daya Manusia,  indek kepuasan masyarakat, standar pelayan minimal (SPM), standar pelayan Prosedur (SPP), standar operasional prosedur (SOP) ");
INSERT INTO ref_klasifikasi VALUES("60","OT.01.5","","-");
INSERT INTO ref_klasifikasi VALUES("61","OT.01.6","","-");
INSERT INTO ref_klasifikasi VALUES("62","HK","HUKUM","-");
INSERT INTO ref_klasifikasi VALUES("63","HK.00","PERATURAN PERUNDANG-UNDANGAN","Surat-surat   yang   berkenaan   dengan   pemrosesan   suatu   peraturan perundang-undangan   produk  Kementerian   Agama   dan   konsep/draf sampai   selesai,   maupun   produk   peraturan-peraturan   perundang-undangan yang diterima baik interen Kementerian maupun dan instansi lain.");
INSERT INTO ref_klasifikasi VALUES("64","HK.00.1","UNDANG-UNDANG TERMASUK PERPU","-");
INSERT INTO ref_klasifikasi VALUES("65","HK.00.2","PERATURAN PEMENINTAH","-");
INSERT INTO ref_klasifikasi VALUES("66","HK.00.3","KEPUTUSAN PRESIDEN, INSTRUKSI PRESIDEN","-");
INSERT INTO ref_klasifikasi VALUES("67","HK.00.4","PERATURAN MENTERI, INSTRUKSI MENTERI","-");
INSERT INTO ref_klasifikasi VALUES("68","HK.00.5","KEPUTUSAN MENTERI, PIMPINAN UNIT ESELON I","-");
INSERT INTO ref_klasifikasi VALUES("69","HK.00.6","KEPUTUSAN MENTERI, PIMPINAN UNIT ESELON I","-");
INSERT INTO ref_klasifikasi VALUES("70","HK.00.7","EDARAN MENTERI/PIMPINAN UNIT ESELON I/II","-");
INSERT INTO ref_klasifikasi VALUES("71","HK.00.8","PERATURAN   KANTOR   WILAYAH   KEMENTERIAN  AGAMA  PROVINSI   DAN KANTOR KEMENTERIAN AGAMA KABUPATEN/KOTA","-");
INSERT INTO ref_klasifikasi VALUES("72","HK.00.9","PERATURAN PEMDA TK. I/PEMDA TK. II","-");
INSERT INTO ref_klasifikasi VALUES("73","HK.01","PIDANA","-");
INSERT INTO ref_klasifikasi VALUES("74","HK.01.1","PENCURIAN","Surat-surat yang berkenaan dengan pencurian yang terjadi di dalam lingkungan Kantor Kementerian Agama baik pusat maupun daerah.");
INSERT INTO ref_klasifikasi VALUES("75","HK.01.2","KORUPSI","Surat-surat   yang   berkenaan   dengan   korupsi,   penyelewengan   dan penyalahgunaan wewenang/jabatan");
INSERT INTO ref_klasifikasi VALUES("76","HK.02","PERDATA","-");
INSERT INTO ref_klasifikasi VALUES("77","HK.02.1","PERIKATAN","Surat-surat yang berhubungan dengan perikatan yang meliputi: hak pakai, peminjaman, sewa menyewa, dan lain-lain sejenisnya");
INSERT INTO ref_klasifikasi VALUES("78","HK.03","HUKUM AGAMA","-");
INSERT INTO ref_klasifikasi VALUES("79","HK.03.1","FATWA","Surat-surat yang berkenaan dengan pendapat hukum dan penetapan status hukum mengenai suatu hal yang belum jelas hukumnya seperti: bedah mayat, masalah waris (di Jawa dan Madura), masalah   hibah/Shodaqoh   (di   Jawa   dan Madura), dan lain-lain sejenisnya.");
INSERT INTO ref_klasifikasi VALUES("80","HK.03.2","RUKYAT/HISAB","Surat-surat yang berkenaan dengan penentuan: arah kiblat, awal/akhir Ramadhan, hari besar Islam, jadwal waktu sholat,  kalender");
INSERT INTO ref_klasifikasi VALUES("81","HK.03.3","HARI BESAR AGAMA","Surat-surat yang berhubungan dengan hari besar agama:, Islam,  Kristen, Katholik, Hindu,  Budha dan Kong Hu Cu (Imlek)");
INSERT INTO ref_klasifikasi VALUES("82","HK.04","BANTUAN HUKUM","-");
INSERT INTO ref_klasifikasi VALUES("83","HK.04.1","KASUS HUKUM PIDANA","Surat-surat   yang   berkenaan   dengan   bantuan   hukum   kepada pejabat/pegawai   Kementerian   Agama   dalam   kasus   pidana   yang berhubungan dengan pelaksanaan tugas.");
INSERT INTO ref_klasifikasi VALUES("84","HK.04.2","KASUS HUKUM PERDATA","Surat-surat   yang   meliputi/berhubungan   dengan   bantuan   hukum kepada   pejabat/pegawai   Kementerian   Agama   dalam   kasus   perdata yang berhubungan dengan pelaksanaan tugas.");
INSERT INTO ref_klasifikasi VALUES("85","HK.04.3","KASUS HUKUM TATA USAHA NEGARA (TUN) ","Surat-surat   yang   berkenaan   dengan   pemberian   bantuan   hukum kepada   Menteri   Agama   atau   pejabat   Kementerian   Agama   dalam kasus Tata Usaha Negara (TUN)");
INSERT INTO ref_klasifikasi VALUES("86","HK.04.4","PENELAAHAN HUKUM","Surat-surat   yang   meliputi/berhubungan   dengan   penelaahan   hukum yang berkaitan dengan masalah agama, selain agama Islam");
INSERT INTO ref_klasifikasi VALUES("87","HM","KEHUMASAN","-");
INSERT INTO ref_klasifikasi VALUES("88","HM.00","PENERANGAN","Surat-surat yang berhubungan dengan kegiatan yang berkenaan dengan penerangan terhadap masyarakat antara lain :  konperensi pers, pameran, wawancara, dan penerangan dalam media massa lainnya.");
INSERT INTO ref_klasifikasi VALUES("89","HM.01","HUBUNGAN","Surat-surat yang berhubungan dengan kerja sama dalam dan luar negeri dan kordinasi intern dan ekstern antar pemerintahan umum antara lain: Bakohumas, Hearing DPR, AMd, PKP, Kelompok kerja (POKJA) dan organisasi-organisasi mass media termasuk di dalamnya   pengarahan/sambutan   yang   bersifat umum");
INSERT INTO ref_klasifikasi VALUES("90","HM.02","DOKUMENTASI DAN KEPUSTAKAAN","-");
INSERT INTO ref_klasifikasi VALUES("91","HM.02.1","DOKUMENTASI","Surat-surat   yang   berkenaan   dengan   kegiatan   yang   berhubungan dengan   penyediaan/pengumpulan   bahan/dokumentasi   termasuk penyebarannya.");
INSERT INTO ref_klasifikasi VALUES("92","HM.02.2","KEPUSTAKAAN","Surat-surat   yang   berkenaan   dengan   kegiatan   yang   berhubungan dengan penyediaan pengumpulan bahan-bahan kepustakaan.");
INSERT INTO ref_klasifikasi VALUES("93","HM.03","KEPROTOKOLAN","Surat-surat yang berkenaan dengan masalah keprotokolan, seperti: tamu-tamu pimpinan Kementerian (dalam maupun luar negeri), kunjungan kerja, upacara hari nasional, dan HUT Kementerian Agama.");
INSERT INTO ref_klasifikasi VALUES("94","KS","KESEKRETARIATAN","-");
INSERT INTO ref_klasifikasi VALUES("95","KS.00","KERUMAHTANGGAAN","Surat-surat yang berkenaan dengan: penggunaan   fasilitas;   contoh:   pinjam   untuk   dapat menggunakan ruang rapat, kendaraan dsb, Keamanan dan ketertiban, Konsumsi, pakaian dinas kerja, papan nama, lambang, alamat pejabat dan telekomunikasi/listrik/air (langganan)");
INSERT INTO ref_klasifikasi VALUES("96","KS.01","PERLENGKAPAN","-");
INSERT INTO ref_klasifikasi VALUES("97","KS.01.1","GEDUNG","Surat-surat yang berkenaan dengan: asrama, -bangunan kantor,  gedung sekolah, pos penjagaan, rumah dinas, termasuk   tanah,   mulai   dan   perencanaan,   pengadaan,   pendistribusian, pemeliharaan sampai dengan penghapusannya.");
INSERT INTO ref_klasifikasi VALUES("98","KS.01.2","ALAT KANTOR","Surat-surat yang berkenaan dengan alat kantor seperti: ATK (Alat Tulis Kantor), Formulir/faktur   mulai   dan   perencanaan,   pengadaan   dan pendistribusian");
INSERT INTO ref_klasifikasi VALUES("99","KS.01.3","MESIN KANTOR/ALAT-ALAT ELEKTRONIK","Surat-surat   yang   berkenaan   dengan   mesin   kantor   (barang-barang mekanis)/alat-alat elektronik meliputi:  Amplifier, Fan/kipas angin, Foto copy, Kamera, Mesin ketik/hitung, Overhead proyektor, Proyektor film, Radio, Roneo, Slide, Mesin stensil, Tape recorder, Teleks, Video tape, dan   lain-lain   yang   sejenis,   mulai   dan perencanaan,   pendistribusian, pemeliharaan   sampai   dengan penghapusan");
INSERT INTO ref_klasifikasi VALUES("100","KS.01.4","PERABOT KANTOR","Surat-surat   yang   berkenaan   dengan   pengelolaan   perabot   kantor,  meliputi: kursi, meja, lemari,  filing cabinet/card rak, dan   lain-lain   yang   sejenis   mulai   dan perencanaan,   pengadaan, pendistribusian,   pemeliharaan   sampai dengan penghapusannya");
INSERT INTO ref_klasifikasi VALUES("101","KS.01.5","KENDARAAN","Surat-surat   yang   berkenaan   dengan   masalah   kendaraan   mulai   dari perencanaan,  pengadaan,  pendistribusian  dan  pemeliharaan  sampai dengan penghapusannya.");
INSERT INTO ref_klasifikasi VALUES("102","KS.01.6","INVENTARIS PERLENGKAPAN","Surat-surat yang berkenaan dengan inventaris perlengkapan, laporan inventaris perlengkapan pusat dan daerah.");
INSERT INTO ref_klasifikasi VALUES("103","KS.01.7","PENAWARAN UMUM","Surat-surat   yang   berkenaan   dengan   penyelenggaraan   prakualifikasi calon rekanan dan penawaran umum termasuk persyaratannya.");
INSERT INTO ref_klasifikasi VALUES("104","KS.02","KETATAUSAHAAN","Surat-surat   yang   berkenaan   dengan   korespondensi   dan   kearsipan, penandatanganan surat dan wewenangnya serta cap dinas.");
INSERT INTO ref_klasifikasi VALUES("105","TL","PENELITIAN","-");
INSERT INTO ref_klasifikasi VALUES("106","TL.00","PENELITIAN PENDIDIKAN","Surat-surat yang  berhubungan dengan penelitian pendidikan, sejak dari perizinan, pelaksanaan sampai laporan hasilnya.");
INSERT INTO ref_klasifikasi VALUES("107","TL.01","PENELITIAN KEAGAMAAN","Surat-surat yang berhubungan dengan penelitian keagamaan, sejak dari perizinan, pelaksanaan sampai dengan laporan hasilnya.");
INSERT INTO ref_klasifikasi VALUES("108","TL.02","PENELITIAN LEKTUR AGAMA","-");
INSERT INTO ref_klasifikasi VALUES("109","TL.02.1","PENELITIAN LEKTUR AGAMA","Surat-surat   yang   berhubungan   dengan   penelitian   atas   penerbitan, import dan penyebaran kitab-kitab suci agama");
INSERT INTO ref_klasifikasi VALUES("110","TL.02.2","PENELITIAN BUKU-BUKU AGAMA","Surat-surat yang berhubungan dengan penelitian buku-buku agama yang diterbitkan, diimport dan penyebaran buku-buku agama");
INSERT INTO ref_klasifikasi VALUES("111","TL.03","PENGEMBANGAN PENELITIAN","Surat-surat yang berhubungan dengan masalah-masalah pengembangan penelitian   sejak   dari   perencanaan,   pelaksanaannya   sampai   dengan laporannya.");
INSERT INTO ref_klasifikasi VALUES("112","PS","PENGAWASAN","-");
INSERT INTO ref_klasifikasi VALUES("113","PS.00","ADMINISTRASI UMUM","Surat-surat yang berkenaan dengan pengawasan adminitrasi umum ");
INSERT INTO ref_klasifikasi VALUES("114","PS.01","TUGAS UMUM","Surat-surat   yang   berkenaan   dengan   pengawasan   tugas   umum,  yang meliputi bidang-bidang: pendidikan agama, penerangan agama, urusan agama, bimbingan masyarakat beragama,  peradilan agama, haji, penelitian dan pengembangan keagamaan");
INSERT INTO ref_klasifikasi VALUES("115","PS.02","PROYEK PEMBANGUNAN","-");
INSERT INTO ref_klasifikasi VALUES("116","PS.02.1","FISIK","Surat-surat   yang   berkenaan   dengan   pengawasan   proyek-proyek pembangunan   fisik,   termasuk   laporan   hasil   pemeriksaan   (LHP) maupun tindak lanjut hasil pemeriksaan (TLHP) nya.");
INSERT INTO ref_klasifikasi VALUES("117","PS.02.2","NON FISIK","Surat-surat   yang   berkenaan   dengan   pengawasan   proyek-proyek pembangunan   non   fisik,   termasuk   laporan   hasil   pemeriksaan   (LHP) maupun tindak lanjut hasil pemeriksaan (TLHP) nya.");
INSERT INTO ref_klasifikasi VALUES("118","PS.03","PENGAWASAN EKSTERNAL","-");
INSERT INTO ref_klasifikasi VALUES("119","PS.03.1","BPK RI","Surat-surat yang berkenaan dengan pengawasan Bepeka RI termasuk laporan hasil pemeriksaan semester (HAPSEM) maupun tindak lanjut hasil pemeriksaan (TLHP) nya.");
INSERT INTO ref_klasifikasi VALUES("120","PS.03.2","BADAN PENGAWASAN KEUANGAN DAN PEMBANGUNAN (BPKP)","Surat-surat   yang   berkenaan   dengan   pengawasan   BPKP,   termasuk laporan hasil audit (LHA) maupun tindak lanjut audit (TLHA) nya.");
INSERT INTO ref_klasifikasi VALUES("121","PS.03.3","PENGADUAN MASYARAKAT","Surat-surat   yang   berkenaan   dengan   pengaduan   atau   pengawasan dan   masyarakat   yang   disampaikan   melalui   Tromol   Pos   5000   (TP 5000) termasuk tindak lanjutnya.");
INSERT INTO ref_klasifikasi VALUES("122","PS.03.4","PENGADUAN MASYARAKAT (NON TP 5000) ","Surat-surat   yang   berkenaan   dengan   pengaduan   atau   pengawasan yang disampaikan secara langsung oleh masyarakat (non TP 5000), termasuk tindak lanjutnya.");
INSERT INTO ref_klasifikasi VALUES("123","PW","PERKAWINAN","-");
INSERT INTO ref_klasifikasi VALUES("124","PW.01","PENYULUHAN","Surat-surat yang berkenaan dengan: penyuluhan perkawinan, KB (Keluarga Berencana) dan KKB (Keluarga Kecil Bahagia),  BP 4 (Badan Penasehat Perkawinan dan Penyelesaian Perceraian),  PKK (Pendidikan Kesejahteraan Keluarga), Dan UPGK (Usaha Peningkatan Gizi Keluarga)");
INSERT INTO ref_klasifikasi VALUES("125","PW.02","PERKAWINAN","Surat-surat yang berkenaan dengan seluruh proses: Nikah,  Talak,  Cerai, Rujuk Termasuk akte dan sarananya.");
INSERT INTO ref_klasifikasi VALUES("126","PW.03","CAMPURAN","Surat-surat   yang   berkenaan   dengan   seluruh   proses   perkawinan campuran antar agama dan bangsa.");
INSERT INTO ref_klasifikasi VALUES("127","HJ","HAJI","-");
INSERT INTO ref_klasifikasi VALUES("128","HJ.00","CALON HAJI","Surat-surat   yang   berkenaan   dengan   pendaftaran   calon   haji,   termasuk kelengkapan dokumen, seperti: daftar nominative,  STPH (Surat Tanda Pergi Haji),  Paspor,  Paskim,  Visa, dan lain-lain yang sehubungan");
INSERT INTO ref_klasifikasi VALUES("129","HJ.01","BIMBINGAN","Surat-surat yang berkenaan dengan bimbingan jemaah haji dan petugas haji, termasuk: pameran,  penataran,  dan peragaan");
INSERT INTO ref_klasifikasi VALUES("130","HJ.02","PETUGAS HAJI","Surat-surat yang berkenaan dengan petugas haji: TPHI (Tim Petugas Haji Indonesia),  TKHI (Tim Kesehatan Haji Indonesia), Tenaga   Musiman/P3H   (Panitia   Pemberangkatan   dan   Pemulangan Haji), Sekretariat Boyongan, Amirul Haj dan Naib Amirul Haj, PPIH non kloter termasuk laporan kegiatan.");
INSERT INTO ref_klasifikasi VALUES("131","HJ.03","ONGKOS NAIK HAJI","Surat-surat yang berkenaan dengan: penentuan besarnya ONH, restitusi, living cost, free seat, uang bekal daerah, dan asuransi");
INSERT INTO ref_klasifikasi VALUES("132","HJ.04","JEMAAH HAJI","Surat-surat yang berkenaan dengan jemaah haji, meliputi: sejkh/muzawwir,  sakit, meninggal, melahirkan, dan hilang");
INSERT INTO ref_klasifikasi VALUES("133","HJ.05","ANGKUTAN","Surat-surat   yang   berkenaan   dengan   transportasi   haji   dalam   dan   luar negeri, jadwal pemberangkatan dan pemulangan jemaah haji dan daftar jemaah (manifest).");
INSERT INTO ref_klasifikasi VALUES("134","HJ.06","PENGASRAMAAN","Surat-surat   yang   berkenaan   dengan   pengasramaan   calon   haji   di dalam/luar negeri, pengembalian biaya perumahaan di   Arab Saudi dan Qurah.");
INSERT INTO ref_klasifikasi VALUES("135","HJ.07","PEMBEKALAN","Surat-surat yang berhubungan dengan pembekalan jemaah haji termasuk pengadaan, penyimpanan, pendistribusian, antara lain: kemas haji, Katering,  obat-obatan,  buku manasik haji,  buku kesehatan jamaah haji,  petunjuk perjalanan haji,  barang-barang   bawaan   dan   dalam/luar   negeri serta kelengkapan lainnya yang sehubungan");
INSERT INTO ref_klasifikasi VALUES("136","HJ.08","DISPENSASI / REKOMENDASI KHUSUS","Surat-surat yang berkenaan dengan dispensasi dan rekomendasi masuk Arab Saudi pada masa-masa musim haji baik bagi WNI dalam maupun luar negeri.");
INSERT INTO ref_klasifikasi VALUES("137","HJ.09","UMROH","Surat-surat yang berkenaan dengan masalah-masalah umroh, termasuk perizinan, pelaksanaan penyelenggara/organisasi - organisasi, yayasan-yayasan, travel biro dan pengawasan penyelenggaraannnya.");
INSERT INTO ref_klasifikasi VALUES("138","BA","PEMBINAAN AGAMA","-");
INSERT INTO ref_klasifikasi VALUES("139","BA.00","PENYULUHAN","Surat-surat   yang   berkenaan   dengan   seluruh   proses   yang   berhubungan dengan penerangan agama kepada masyarakat dan lingkungan khusus (transmigrasi,   suku   terasing   inrehab   dan   narapidana),   termasuk sarananya seperti: film,  drama, MTQ (Musabaqoh Tilawati Quran),  pagelaran seni budaya, perayaan hari-hari besar agama,   sekaten, fesparani, Utsawa Dharma Gita,  Orientasi Seni Budaya, Siaran RRI I TVRI");
INSERT INTO ref_klasifikasi VALUES("140","BA.01","BIMBINGAN","-");
INSERT INTO ref_klasifikasi VALUES("141","BA.01.1","LEMBAGA KEAGAMAAN","Surat-surat   yang   berkenaan   dengan   bimbingan   kepada   lembaga-lembaga keagamaan yang ada dalam masyarakat, meliputi: dai /juru penerang agama, organisasi-organisasi keagamaan kepengurusan rumah ibadah organisasi remaja keagamaan dan sarana bimbingannya, rekomendasi   DPKK   (Dana   Pengembangan   Keahlian   dan Ketrampilan), rekomendasi   izin   impor   terhadap   barang   bantuan/hibah   dari   luar negeri, rekomendasi pembebasan pajak pertambahan nilai terhadap buku  kitab suci, buku pelajaran agama");
INSERT INTO ref_klasifikasi VALUES("142","BA.01.2","ALIRAN KEROHANIAN/KEAGAMAAN","Surat-surat yang berkenaan dengan aliran kerohanian/ keagamaan yang timbul dalam masyarakat.");
INSERT INTO ref_klasifikasi VALUES("143","BA.02","KERUKUNAN HIDUP BERAGAMA","Surat-surat   yang   berkenaan   dengan   bimbingan   kerukunan   hidup beragama,   termasuk   surat-surat   yang  berkenaan   dengan   hal-hal   yang menyinggung  perasaan umat beragama.");
INSERT INTO ref_klasifikasi VALUES("144","BA.03","IBADAH DAN IBADAH SOSIAL","-");
INSERT INTO ref_klasifikasi VALUES("145","BA.03.1","IBADAH","Surat-surat   yanng   berkenaan   dengan   seluruh   proses kegiatan pembinaan ibadah seperti: Shalat led, Eka Dhasa Rudra, Kebaktian, Natal, Galungan, Waisak, Nyepi");
INSERT INTO ref_klasifikasi VALUES("146","BA.03.2","IBADAH SOSIAL","Surat-surat   yang   berkenaan   dengan   seluruh   proses   kegiatan   ibadah sosial, seperti:baitul maal termasuk zakat, hibah, infak, wakaf dan bondo masjid, dana punia,  dana paramita,  kolekta,  diskonia, dan lain-lain termasuk bantuan rumah ibadah.");
INSERT INTO ref_klasifikasi VALUES("147","BA.04","PENGEMBANGAN KEAGAMAAN","Surat-surat yang berkenaan dengan pengeimbangan keagamaan, meliputi data: statistik keagamaan,  pemeluk agama,  tokoh agama, dan rumah ibadah");
INSERT INTO ref_klasifikasi VALUES("148","BA.05","ROHANIAWAN","Surat-surat yang berkenaan dengan rohaniawan, termasuk: urusan perizinan,  naturalisasi,  paskim,  visa,   perpanjangan izin,  dan pengambilan sumpah.");
INSERT INTO ref_klasifikasi VALUES("149","PP","PENDIDIKAN DAN PENGAJARAN","-");
INSERT INTO ref_klasifikasi VALUES("150","PP.00","KURIKULUM, TENAGA EDUKATIF DAN SARANA","-");
INSERT INTO ref_klasifikasi VALUES("151","PP.00.1","SEKOLAH   UMUM   TINGKAT   TAMAN   KANAK-KANAK   DAN SEKOLAH DASAR (TK DAN SD).","Surat-surat   yang   berkenaan   dengan   masalah-masalah   yang menyangkut siswa, kurikulum, tenaga edukatif, sarana pendidikan dan pengajaran termasuk subsidi dan bantuan pada TK dan SD.");
INSERT INTO ref_klasifikasi VALUES("152","PP.00.2","SEKOLAH LANJUTAN TINGKAT PERTAMA (SLTP)","Surat-surat   yang   berkenaan   dengan   masalah-masalah   yang menyangkut siswa, kurikulum, tenaga edukatif, sarana pendidikan dan pengajaran termasuk subsidi dan bantuan pada tingkat  SLTP.");
INSERT INTO ref_klasifikasi VALUES("153","PP.00.3","SEKOLAH LANJUTAN TINGKAT ATAS (SLTA).","Surat-surat   yang   berkenaan   dengan   masalah-masalah   yang menyangkut siswa, kurikulum, tenaga edukatif, sarana pendidikan dan pengajaran termasuk subsidi dan bantuan pada tingkat SLTA.");
INSERT INTO ref_klasifikasi VALUES("154","PP.00.4","RAUDHATUL   ATHFAL   DAN   MADRASAH   IBTIDAIYAH (PRASEKOLAH DAN PRATAMA)","Surat-surat   yang   berkenaan   dengan   masalah-masalah   yang menyangkut siswa, kurikulum, tenaga edukatif, sarana pendidikan dan pengajaran   termasuk   subsidi   dan   bantuan   pada   perguruan   agama tingkat RA dan Madrasah lbtidaiyah (prasekolah dan pratama).");
INSERT INTO ref_klasifikasi VALUES("155","PP.00.5","MADRASAH  TSANAWIYAH (MENENGAH PERTAMA)","Surat-surat   yang   berkenaan   dengan   masalah-masalah   yang menyangkut siswa, kurikulum, tenaga edukatif, sarana pendidikan dan pengajaran termasuk subsidi dan bantuan pada Madrasah Tsanawiyah (menengah pertama).");
INSERT INTO ref_klasifikasi VALUES("156","PP.00.6","MADRASAH  ALIYAH (MENENGAH ATAS)","Surat-surat   yang   berkenaan   dengan   masalah-masalah   yang menyangkut siswa, kurikulum, tenaga edukatif, sarana pendidikan dan pengajaran termasuk subsidi dan bantuan pada Madrasah Aliyah baik Madrasah maupun PGA.");
INSERT INTO ref_klasifikasi VALUES("157","PP.00.7","PONDOK PESANTREN","Surat-surat   yang   berkenaan   dengan   masalah-masalah   yang menyangkut santri, kurikulum, tenaga edukatif, sarana pendidikan dan pengajaran termasuk subsidi dan bantuan pada pondok pesantren.");
INSERT INTO ref_klasifikasi VALUES("158","PP.00.8","MADRASAH DINIYAH","Surat-surat   yang   berkenaan   dengan   masalah-masalah   yang menyangkut mahasiswa, kurikulum, tenaga edukatif, sarana pendidikan dan pengajaran, termasuk subsidi dan bantuan pada rnadrasah diniyah.");
INSERT INTO ref_klasifikasi VALUES("159","PP.00.9","PERGURUAN TINGGI  AGAMA","Surat-surat   yang   berkenaan   dengan   masalah-masalah   yang menyangkut mahasiswa, kurikulum, tenaga edukatif, sarana pendidikan dan  pengajaran   termasuk subsidi   dan   bantuan   pada  perguruan  tinggi agama termasuk program pasca purna sarjana.");
INSERT INTO ref_klasifikasi VALUES("160","PP.00.10","PERGURUAN TINGGI UMUM","Surat-surat   yang   berkenaan   dengan   masalah-masalah   yang menyangkut mahasiswa, kurikulum, tenaga edukatif, sarana pendidikan dan pengajaran, termasuk subsidi dan bantuan pada perguruan tinggi umum termasuk program pasca purna sarjana.");
INSERT INTO ref_klasifikasi VALUES("161","PP.00.11","PENGEMBANGAN SARANA PENDIDIKAN","Surat-surat yang berkenaan dengan masalah-masalah pengembangan kurikulum,   tenaga   edukatif   dan   sarana   pendidikan   di   lingkungan Kementerian   Agama.   Ruang   ini   juga   untuk   menampung   masalah   PP  00.1 s/d PP 00.10 yang termuat secara kolektif dalam satu surat.");
INSERT INTO ref_klasifikasi VALUES("162","PP.01","EVALUASI DAN IJAZAH","-");
INSERT INTO ref_klasifikasi VALUES("163","PP.01.1","PERGURUAN AGAMA","Surat-surat   yang   berkenaan   dengan   masalah-masalah   yang menyangkut soal evaluasi/ujian dan ijazah dan tingkat TK/RA. Diniyah, pondok pesantren sampai perguruan tinggi agama.");
INSERT INTO ref_klasifikasi VALUES("164","PP.01.2","SEKOLAH PERGURUAN UMUM","Surat-surat   yang   berkenaan   dengan   masalah-masalah   yang menyangkut soal evaluasi/ujian dan ijazah tingkat TK, SD, SLTP, SLTA, dan perguruan tinggi umum.");
INSERT INTO ref_klasifikasi VALUES("165","PP.02","KEPENILIKAN, KEPENGAWASAN DAN PEMBINAAN","-");
INSERT INTO ref_klasifikasi VALUES("166","PP.02.1","KEPENILIKAN","Surat.-surat yang berkenaan dengan kegiatan kepenilikan pada TK/RA, SD/Ibtidaiyah dan Diniyah Awaliyah");
INSERT INTO ref_klasifikasi VALUES("167","PP.02.2","KEPENGAWASAN","Surat-surat   yang   berkenaan   dengan   kepengawasan   pada SLTP/Tsanawiyah,   SLTA/Aliyah,   pondok   pesantren   dan   Diniyah Wustho.");
INSERT INTO ref_klasifikasi VALUES("168","PP.02.3","PEMBINAAN","Surat-surat   yang   berkenaan   dengan   kegiatan   pembinaan   pada perguruan   tinggi   agama   dan   perguruan   tinggi   umum   di   bidang keagamaan.");
INSERT INTO ref_klasifikasi VALUES("169","PP.03","KELEMBAGAAN","-");
INSERT INTO ref_klasifikasi VALUES("170","PP.03.1","ORGANISASI","Surat-surat yang menyangkut masalah organisasi intra maupun ekstra sekolah/siswa/mahasiswa/guru maupun orang tua murid. Contoh: OSIS, MENWA,   POMD,   PGRI,   Musyawarah   guru   mata   pelajaran   (MGMP) PAK, Kelompok Kerja Guru (KKG) dan sebagainya.");
INSERT INTO ref_klasifikasi VALUES("171","PP.03.2","PENGEMBANGAN","Surat-surat   yang   menyangkut   masalah   pengembangan,   relokasi, fisial/kelas   jauh,   perubahan/persamaan/penyesuaian   status   swasta-negeri pada perguruan agama.");
INSERT INTO ref_klasifikasi VALUES("172","PP.04","BEASISWA","Surat-surat   yang   berkenaan   dengan   pemberian   beasiswa   baik   dari pemerintah, swasta maupun dan luar negeri, termasuk anak asuh.");
INSERT INTO ref_klasifikasi VALUES("173","PP.05","SUMBANGAN","Surat-surat yang berkenaan dengan: uang sekolah,  uang ujian dan lain-lain yang sejenis.");
INSERT INTO ref_klasifikasi VALUES("174","PP.06","PENGABDIAN","Surat-surat yang berkenaan dengan pengabdian terhadap masyarakat seperti: KKN (Kuliah Kerja Nyata), Butsi   Badan   Usaha   Tenaga   Sukarela   Indonesia) dan kegiatan - kegiatan ektra kurikuler lainnya.");
INSERT INTO ref_klasifikasi VALUES("175","PP.07","PERIZINAN","Surat-surat   yang   menyangkut   masalah   perizinan   belajar/mengajar   bagi lembaga/instasi/orang Indonesia ke luar negeri.");
INSERT INTO ref_klasifikasi VALUES("176","1","2","3");



DROP TABLE t_admin;

CREATE TABLE `t_admin` (
  `id` int(2) NOT NULL AUTO_INCREMENT,
  `username` varchar(50) NOT NULL DEFAULT '',
  `password` varchar(75) NOT NULL,
  `nama` varchar(50) NOT NULL DEFAULT '',
  `nip` varchar(50) NOT NULL DEFAULT '',
  `level` varchar(50) NOT NULL,
  PRIMARY KEY (`id`)
) ENGINE=InnoDB AUTO_INCREMENT=10 DEFAULT CHARSET=latin1;

INSERT INTO t_admin VALUES("1","admin","7cb64a9af894044ab445e21bef08fd7e","Administrator","198705112008041001","Admin");
INSERT INTO t_admin VALUES("2","umum","adfab9c56b8b16d6c067f8d3cff8818e","Nur Akhwan","19900326 201401 1 002","Umum");
INSERT INTO t_admin VALUES("3","masuk","f3770595e0cb4d9a988bd5da98d2187d","Operator","199003262017011001","");
INSERT INTO t_admin VALUES("7","ahmad","29af91059f3812be013c336d03156cad","danang","nip","Admin");
INSERT INTO t_admin VALUES("8","dhuka","ff746356f7e10204b16b2853e695a8f7","dhuka","","Admin");
INSERT INTO t_admin VALUES("9","suratmasuk","b3e6a614238ff5fc3d77d76638fd4e22","","","SuratMasuk");



DROP TABLE t_arsip;

CREATE TABLE `t_arsip` (
  `id` int(11) NOT NULL AUTO_INCREMENT,
  `kode` varchar(255) DEFAULT NULL,
  `nomorhak` varchar(250) NOT NULL,
  `jenishak` varchar(250) NOT NULL,
  `kelurahan` varchar(250) NOT NULL,
  `kecamatan` varchar(250) NOT NULL,
  `kabupaten` varchar(250) NOT NULL,
  `bukutanah` varchar(250) NOT NULL,
  `suratukur` varchar(250) NOT NULL,
  `warkah` varchar(250) NOT NULL,
  PRIMARY KEY (`id`)
) ENGINE=InnoDB AUTO_INCREMENT=5 DEFAULT CHARSET=latin1;

INSERT INTO t_arsip VALUES("2","","12","HM","9105141008","9105141","9105","","","");
INSERT INTO t_arsip VALUES("3","","2","HM","9112040002","9112040","9112","","","");
INSERT INTO t_arsip VALUES("4","","3","HM (Hak Milik)","9105141006","9105141","9105","","","");



DROP TABLE t_disposisi;

CREATE TABLE `t_disposisi` (
  `id` int(6) NOT NULL AUTO_INCREMENT,
  `id_surat` varchar(50) DEFAULT NULL,
  `kpd_yth` varchar(250) NOT NULL,
  `isi_disposisi` varchar(250) NOT NULL,
  `sifat` enum('Biasa','Segera','Perlu Perhatian Khusus','Perhatian Batas Waktu') NOT NULL,
  `batas_waktu` date NOT NULL,
  `catatan` varchar(250) NOT NULL,
  PRIMARY KEY (`id`)
) ENGINE=InnoDB DEFAULT CHARSET=latin1;




DROP TABLE t_pejabat;

CREATE TABLE `t_pejabat` (
  `id` int(11) NOT NULL AUTO_INCREMENT,
  `nip` varchar(20) NOT NULL,
  `nama` varchar(255) NOT NULL,
  `id_surat` int(11) NOT NULL DEFAULT '0',
  PRIMARY KEY (`id`)
) ENGINE=InnoDB AUTO_INCREMENT=7 DEFAULT CHARSET=utf8 ROW_FORMAT=COMPACT;

INSERT INTO t_pejabat VALUES("1","1","Kepala Sub Bagian Tata Usaha","0");
INSERT INTO t_pejabat VALUES("2","2","Kepala seksi infrasruktur pertanahan","0");
INSERT INTO t_pejabat VALUES("3","3","Kepala seksi hubungan hukum pertanahan","0");
INSERT INTO t_pejabat VALUES("4","4","Kepala seksi penataan pertanahan","0");
INSERT INTO t_pejabat VALUES("5","5","Kepala seksi pengadaan tanah","0");
INSERT INTO t_pejabat VALUES("6","6","Kepala seksi penanganan masalah dan pengendalian","0");



DROP TABLE t_pejabat_disposisi;

CREATE TABLE `t_pejabat_disposisi` (
  `id` int(11) NOT NULL AUTO_INCREMENT,
  `nip` varchar(20) NOT NULL,
  `nama` varchar(50) NOT NULL,
  `id_surat` int(11) NOT NULL DEFAULT '0',
  PRIMARY KEY (`id`)
) ENGINE=InnoDB DEFAULT CHARSET=utf8;




DROP TABLE t_pengirim;

CREATE TABLE `t_pengirim` (
  `id` int(11) NOT NULL AUTO_INCREMENT,
  `kode` varchar(10) NOT NULL,
  `nama` varchar(50) NOT NULL,
  `alamat` varchar(50) NOT NULL,
  `email` varchar(40) NOT NULL DEFAULT '',
  `notelp` varchar(15) NOT NULL,
  PRIMARY KEY (`id`)
) ENGINE=InnoDB AUTO_INCREMENT=11 DEFAULT CHARSET=utf8;

INSERT INTO t_pengirim VALUES("9","1","Ibrahim","Solo","dapras.solo@gmail.co","591817");
INSERT INTO t_pengirim VALUES("10","3","Danang","SOlo","dapras.solo@gmail.com","222");



DROP TABLE t_surat_keluar;

CREATE TABLE `t_surat_keluar` (
  `id` int(6) NOT NULL AUTO_INCREMENT,
  `kode` varchar(20) NOT NULL,
  `no_agenda` int(11) NOT NULL,
  `isi_ringkas` mediumtext NOT NULL,
  `tujuan` varchar(250) NOT NULL,
  `no_surat` varchar(100) NOT NULL,
  `tgl_surat` date NOT NULL,
  `tgl_catat` date NOT NULL,
  `keterangan` varchar(200) NOT NULL,
  `file` varchar(200) NOT NULL,
  `pengolah` int(11) NOT NULL,
  `suratmasuk` varchar(255) DEFAULT NULL,
  PRIMARY KEY (`id`)
) ENGINE=InnoDB AUTO_INCREMENT=72 DEFAULT CHARSET=latin1;

INSERT INTO t_surat_keluar VALUES("4","","1","Surat Pemberitahuan","","1/2-92.02/I/2017","2018-01-05","0000-00-00","","keluar001.pdf","0","");
INSERT INTO t_surat_keluar VALUES("5","","2","Surat Tugas","","2/St-92.02/01/2018","2018-01-08","0000-00-00","","","0","");
INSERT INTO t_surat_keluar VALUES("6","","3","SPD","","3/Sph-92.02/01/2017","2018-01-08","0000-00-00","","","0","");
INSERT INTO t_surat_keluar VALUES("7","","4","Nota Dinas","","4/ND-92.02/01/2017","2018-01-08","0000-00-00","","004.pdf","0","");
INSERT INTO t_surat_keluar VALUES("8","","5","Booking Bagus Ariyadi","","5/-92.02/01/2017","0000-00-00","0000-00-00","","keluar005.pdf","0","");
INSERT INTO t_surat_keluar VALUES("9","","6","Booking Bagus Ariyadi","","6/-92.02/01/2017","0000-00-00","0000-00-00","","","0","");
INSERT INTO t_surat_keluar VALUES("10","","7","Bagus Ariyadi","","7/-92.02/01/2018","0000-00-00","0000-00-00","","","0","");
INSERT INTO t_surat_keluar VALUES("11","","8","Bagus Ariyadi","","8/-92.02/01/2018","0000-00-00","0000-00-00","","","0","");
INSERT INTO t_surat_keluar VALUES("12","","9","Penerbitan Teknis Pertanahan dalam Penerbitan Izin Lokasi","","9/-92.02/01/2018","2018-01-16","0000-00-00","","","0","");
INSERT INTO t_surat_keluar VALUES("13","","10","Penerbitan Teknis Pertanahan dalam Penerbitan Izin Lokasi","","10/-92.02/01/2018","2018-01-16","0000-00-00","","","0","");
INSERT INTO t_surat_keluar VALUES("14","","11","Surat Perbaikan Permohonan Hak Milik An. Hermanus ","","11/-92.02/01/2018","2018-01-16","0000-00-00","","","0","");
INSERT INTO t_surat_keluar VALUES("15","","12","Permohonan Penerbitan Sertipikat Tanah","","12/-92.02/01/2018","2018-01-19","0000-00-00","","","0","");
INSERT INTO t_surat_keluar VALUES("16","","13","Surat Keterangan","","13/-92.02/01/2018","2018-01-23","0000-00-00","","","0","");
INSERT INTO t_surat_keluar VALUES("17","","14","","","14/-92.02/01/2018","2018-01-23","0000-00-00","","","0","");
INSERT INTO t_surat_keluar VALUES("18","","15","","","15/-92.02/01/2018","0000-00-00","0000-00-00","","","0","");
INSERT INTO t_surat_keluar VALUES("19","","16","Booking","","16/-92.02/01/2018","0000-00-00","0000-00-00","","","0","");
INSERT INTO t_surat_keluar VALUES("20","","17","Surat Pengantar","","17/-92.02/01/2018","2018-01-24","0000-00-00","","","0","");
INSERT INTO t_surat_keluar VALUES("21","","18","Permintaan Blanko","","18/-92.02/01/2018","2018-01-26","0000-00-00","","","0","");
INSERT INTO t_surat_keluar VALUES("22","","19","Booking Bagus Ariyadi","","19/-92.02/01/2018","0000-00-00","0000-00-00","","","0","");
INSERT INTO t_surat_keluar VALUES("23","","20","Booking Bagus Ariyadi","","20/-92.02/01/2018","2018-01-29","0000-00-00","","","0","");
INSERT INTO t_surat_keluar VALUES("24","","21","Permohonan Reset BAR Bulan Desember 2017","","21/-92.02/01/2018","2018-01-30","0000-00-00","","","0","");
INSERT INTO t_surat_keluar VALUES("25","","22","Pembayaran Gaji Bulan Februari 2018","","22/-92.02/01/2018","2018-01-31","0000-00-00","","","0","");
INSERT INTO t_surat_keluar VALUES("26","","23","Booking","","23/-92.02/01/2018","2018-01-31","0000-00-00","","","0","");
INSERT INTO t_surat_keluar VALUES("27","","24","Permohonan Reset BAR Bulan Desember 2017","","24/-92.02/02/2018","2018-02-01","0000-00-00","","","0","");
INSERT INTO t_surat_keluar VALUES("28","","25","Permohonan Kartu ( Sim Card ) Internet","","25/-92.02/02/2018","2018-02-01","0000-00-00","","","0","");
INSERT INTO t_surat_keluar VALUES("29","","26","Kenaikan Gaji Bulan Berkala Tahun 2018","","26/-92.02/02/2018","2018-02-01","0000-00-00","","","0","");
INSERT INTO t_surat_keluar VALUES("30","","27","Kenaikan Gaji Berkala Tahun 2018","","27/-92.02/02/2018","2018-02-01","0000-00-00","","","0","");
INSERT INTO t_surat_keluar VALUES("31","","28","Booking","","28/-92.02/02/2018","2018-02-02","0000-00-00","","","0","");
INSERT INTO t_surat_keluar VALUES("32","","29","Booking","","29/-92.02/01/2018","0000-00-00","0000-00-00","","","0","");
INSERT INTO t_surat_keluar VALUES("33","","30","Booking","","30/-92.02/01/2018","0000-00-00","0000-00-00","","","0","");
INSERT INTO t_surat_keluar VALUES("34","","31","Booking","","31/-92.02/01/2018","0000-00-00","0000-00-00","","","0","");
INSERT INTO t_surat_keluar VALUES("35","","32","Booking","","32/-92.02/01/2018","0000-00-00","0000-00-00","","","0","");
INSERT INTO t_surat_keluar VALUES("36","","33","Booking","","33/-92.02/01/2018","0000-00-00","0000-00-00","","","0","");
INSERT INTO t_surat_keluar VALUES("37","","34","Booking","","34/-92.02/01/2018","0000-00-00","0000-00-00","","","0","");
INSERT INTO t_surat_keluar VALUES("38","","35","Booking","","35/-92.02/01/2018","0000-00-00","0000-00-00","","","0","");
INSERT INTO t_surat_keluar VALUES("39","","36","Booking","","36/-92.02/01/2018","0000-00-00","0000-00-00","","","0","");
INSERT INTO t_surat_keluar VALUES("40","","37","Booking","","37/-92.02/01/2018","0000-00-00","0000-00-00","","","0","");
INSERT INTO t_surat_keluar VALUES("41","","38","Booking","","38/-92.02/01/2018","0000-00-00","0000-00-00","","","0","");
INSERT INTO t_surat_keluar VALUES("42","","39","Booking","","39/-92.02/01/2018","0000-00-00","0000-00-00","","","0","");
INSERT INTO t_surat_keluar VALUES("43","","40","Booking","","40/-92.02/01/2018","0000-00-00","0000-00-00","","","0","");
INSERT INTO t_surat_keluar VALUES("44","","41","Booking","","41/-92.02/01/2018","0000-00-00","0000-00-00","","","0","");
INSERT INTO t_surat_keluar VALUES("45","","42","Booking","","42/-92.02/01/2018","0000-00-00","0000-00-00","","","0","");
INSERT INTO t_surat_keluar VALUES("46","","43","Booking","","43/-92.02/01/2018","0000-00-00","0000-00-00","","","0","");
INSERT INTO t_surat_keluar VALUES("47","","44","Booking","","44/-92.02/01/2018","0000-00-00","0000-00-00","","","0","");
INSERT INTO t_surat_keluar VALUES("48","","45","Booking","","45/-92.02/01/2018","0000-00-00","0000-00-00","","","0","");
INSERT INTO t_surat_keluar VALUES("49","","46","Booking","","46/-92.02/01/2018","0000-00-00","0000-00-00","","","0","");
INSERT INTO t_surat_keluar VALUES("50","","47","Booking","","47/-92.02/01/2018","0000-00-00","0000-00-00","","","0","");
INSERT INTO t_surat_keluar VALUES("51","","48","Booking","","48/-92.02/01/2017","0000-00-00","0000-00-00","","HOW TO SETUP TEST ENVIRONTMENT WINDOWS BASED.pdf","0","");
INSERT INTO t_surat_keluar VALUES("52","","49","Booking","","49/-92.02/01/2018","0000-00-00","0000-00-00","","","0","");
INSERT INTO t_surat_keluar VALUES("53","","50","Booking","","50/-92.02/01/2018","0000-00-00","0000-00-00","","","0","");
INSERT INTO t_surat_keluar VALUES("54","","51","Booking","","51/-92.02/01/2018","0000-00-00","0000-00-00","","","0","");
INSERT INTO t_surat_keluar VALUES("55","","52","Booking","","52/-92.02/01/2018","0000-00-00","0000-00-00","","","0","");
INSERT INTO t_surat_keluar VALUES("56","","53","Booking","","53/-92.02/01/2018","0000-00-00","0000-00-00","","","0","");
INSERT INTO t_surat_keluar VALUES("57","","54","Booking","","54/-92.02/01/2018","0000-00-00","0000-00-00","","","0","");
INSERT INTO t_surat_keluar VALUES("58","","55","Booking","","55/-92.02/01/2018","0000-00-00","0000-00-00","","","0","");
INSERT INTO t_surat_keluar VALUES("59","","56","Booking","","56/-92.02/01/2018","0000-00-00","0000-00-00","","","0","");
INSERT INTO t_surat_keluar VALUES("60","","57","Booking","","57/-92.02/01/2018","0000-00-00","0000-00-00","","","0","");
INSERT INTO t_surat_keluar VALUES("61","","58","Booking","","58/-92.02/01/2018","0000-00-00","0000-00-00","","","0","");
INSERT INTO t_surat_keluar VALUES("62","","59","Booking","","59/-92.02/01/2018","0000-00-00","0000-00-00","","","0","");
INSERT INTO t_surat_keluar VALUES("63","","60","Surat Peryataan Tanggung Jawab Mutlak","","60/-92.02/02/2018","2018-02-02","0000-00-00","","","0","");
INSERT INTO t_surat_keluar VALUES("64","","61","Surat Pengantar  Permohonan Hak Milik An. Jubelina Kumendong","","61/-92.02/02/2018","2018-02-06","0000-00-00","","","0","");
INSERT INTO t_surat_keluar VALUES("65","","62","Surat Pengantar BPJS","","62/-92.02/02/2018","2018-02-06","0000-00-00","","","0","");
INSERT INTO t_surat_keluar VALUES("66","","63","Laporan Penerimaan PPNPN 2018","","63/-92.02/02/2018","2018-02-07","0000-00-00","","","0","");
INSERT INTO t_surat_keluar VALUES("67","","64","Surat Pengantar","","64/-92.02/02/2018","2018-02-07","0000-00-00","","","0","");
INSERT INTO t_surat_keluar VALUES("68","","65","Surat Tugas","","65/St-92.02/02/2018","2018-02-07","0000-00-00","","","0","");
INSERT INTO t_surat_keluar VALUES("69","","66","Booking Denny Aseano","","66/-92.02/01/2018","0000-00-00","0000-00-00","","","0","");
INSERT INTO t_surat_keluar VALUES("70","","67","Booking ASB Bagus Ariyadi","","67/-92.02/01/2018","0000-00-00","0000-00-00","","","0","");
INSERT INTO t_surat_keluar VALUES("71","","68","Booking ASB Bagus Ariyadi","","68/-92.02/02/2018","2018-02-07","0000-00-00","","","0","");



DROP TABLE t_surat_keputusan;

CREATE TABLE `t_surat_keputusan` (
  `id` int(6) NOT NULL AUTO_INCREMENT,
  `no_agenda` int(11) DEFAULT NULL,
  `tahun` varchar(7) NOT NULL,
  `tentang` mediumtext NOT NULL,
  `tgl_surat` date NOT NULL,
  `keterangan` varchar(200) NOT NULL,
  `file` varchar(200) NOT NULL,
  `pengolah` int(11) NOT NULL,
  `kode` varchar(100) DEFAULT NULL,
  PRIMARY KEY (`id`)
) ENGINE=InnoDB DEFAULT CHARSET=latin1;




DROP TABLE t_surat_masuk;

CREATE TABLE `t_surat_masuk` (
  `id` int(6) NOT NULL AUTO_INCREMENT,
  `kode` varchar(50) NOT NULL,
  `no_agenda` int(11) DEFAULT NULL,
  `indek_berkas` varchar(100) NOT NULL,
  `isi_ringkas` mediumtext NOT NULL,
  `dari` varchar(250) NOT NULL,
  `no_surat` varchar(100) NOT NULL,
  `tgl_surat` date NOT NULL,
  `tgl_diterima` date NOT NULL,
  `keterangan` varchar(200) NOT NULL,
  `file` varchar(200) NOT NULL,
  `pengolah` int(4) NOT NULL,
  `tahun` varchar(4) DEFAULT NULL,
  `agenda_pdf` int(11) NOT NULL,
  `dibales` int(1) DEFAULT '0',
  PRIMARY KEY (`id`)
) ENGINE=InnoDB DEFAULT CHARSET=latin1;




DROP TABLE tr_instansi;

CREATE TABLE `tr_instansi` (
  `id` int(1) NOT NULL AUTO_INCREMENT,
  `nama` varchar(100) NOT NULL,
  `alamat` varchar(100) NOT NULL,
  `kepsek` varchar(100) NOT NULL,
  `nip_kepsek` varchar(100) NOT NULL,
  `logo` varchar(100) NOT NULL,
  PRIMARY KEY (`id`)
) ENGINE=InnoDB AUTO_INCREMENT=2 DEFAULT CHARSET=latin1;

INSERT INTO tr_instansi VALUES("1","DINAS SUKOHARJO","Jl. Vetaran","Wardoyo","199003262016011001","logo2.jpg");



